id,a,b,sum,n_carries
0,0,0,0,0
1,0,1,1,0
2,0,2,2,0
3,0,3,3,0
4,0,4,4,0
5,0,5,5,0
6,0,6,6,0
7,0,7,7,0
8,0,8,8,0
9,0,9,9,0
10,0,10,10,0
11,0,11,11,0
12,0,12,12,0
13,0,13,13,0
14,0,14,14,0
15,0,15,15,0
16,0,16,16,0
17,0,17,17,0
18,0,18,18,0
19,0,19,19,0
20,0,20,20,0
21,0,21,21,0
22,0,22,22,0
23,0,23,23,0
24,0,24,24,0
25,0,25,25,0
26,0,26,26,0
27,0,27,27,0
28,0,28,28,0
29,0,29,29,0
30,0,30,30,0
31,0,31,31,0
32,0,32,32,0
33,0,33,33,0
34,0,34,34,0
35,0,35,35,0
36,0,36,36,0
37,0,37,37,0
38,0,38,38,0
39,0,39,39,0
40,0,40,40,0
41,0,41,41,0
42,0,42,42,0
43,0,43,43,0
44,0,44,44,0
45,0,45,45,0
46,0,46,46,0
47,0,47,47,0
48,0,48,48,0
49,0,49,49,0
50,0,50,50,0
51,0,51,51,0
52,0,52,52,0
53,0,53,53,0
54,0,54,54,0
55,0,55,55,0
56,0,56,56,0
57,0,57,57,0
58,0,58,58,0
59,0,59,59,0
60,0,60,60,0
61,0,61,61,0
62,0,62,62,0
63,0,63,63,0
64,0,64,64,0
65,0,65,65,0
66,0,66,66,0
67,0,67,67,0
68,0,68,68,0
69,0,69,69,0
70,0,70,70,0
71,0,71,71,0
72,0,72,72,0
73,0,73,73,0
74,0,74,74,0
75,0,75,75,0
76,0,76,76,0
77,0,77,77,0
78,0,78,78,0
79,0,79,79,0
80,0,80,80,0
81,0,81,81,0
82,0,82,82,0
83,0,83,83,0
84,0,84,84,0
85,0,85,85,0
86,0,86,86,0
87,0,87,87,0
88,0,88,88,0
89,0,89,89,0
90,0,90,90,0
91,0,91,91,0
92,0,92,92,0
93,0,93,93,0
94,0,94,94,0
95,0,95,95,0
96,0,96,96,0
97,0,97,97,0
98,0,98,98,0
99,0,99,99,0
100,1,0,1,0
101,1,1,2,0
102,1,2,3,0
103,1,3,4,0
104,1,4,5,0
105,1,5,6,0
106,1,6,7,0
107,1,7,8,0
108,1,8,9,0
109,1,9,10,1
110,1,10,11,0
111,1,11,12,0
112,1,12,13,0
113,1,13,14,0
114,1,14,15,0
115,1,15,16,0
116,1,16,17,0
117,1,17,18,0
118,1,18,19,0
119,1,19,20,1
120,1,20,21,0
121,1,21,22,0
122,1,22,23,0
123,1,23,24,0
124,1,24,25,0
125,1,25,26,0
126,1,26,27,0
127,1,27,28,0
128,1,28,29,0
129,1,29,30,1
130,1,30,31,0
131,1,31,32,0
132,1,32,33,0
133,1,33,34,0
134,1,34,35,0
135,1,35,36,0
136,1,36,37,0
137,1,37,38,0
138,1,38,39,0
139,1,39,40,1
140,1,40,41,0
141,1,41,42,0
142,1,42,43,0
143,1,43,44,0
144,1,44,45,0
145,1,45,46,0
146,1,46,47,0
147,1,47,48,0
148,1,48,49,0
149,1,49,50,1
150,1,50,51,0
151,1,51,52,0
152,1,52,53,0
153,1,53,54,0
154,1,54,55,0
155,1,55,56,0
156,1,56,57,0
157,1,57,58,0
158,1,58,59,0
159,1,59,60,1
160,1,60,61,0
161,1,61,62,0
162,1,62,63,0
163,1,63,64,0
164,1,64,65,0
165,1,65,66,0
166,1,66,67,0
167,1,67,68,0
168,1,68,69,0
169,1,69,70,1
170,1,70,71,0
171,1,71,72,0
172,1,72,73,0
173,1,73,74,0
174,1,74,75,0
175,1,75,76,0
176,1,76,77,0
177,1,77,78,0
178,1,78,79,0
179,1,79,80,1
180,1,80,81,0
181,1,81,82,0
182,1,82,83,0
183,1,83,84,0
184,1,84,85,0
185,1,85,86,0
186,1,86,87,0
187,1,87,88,0
188,1,88,89,0
189,1,89,90,1
190,1,90,91,0
191,1,91,92,0
192,1,92,93,0
193,1,93,94,0
194,1,94,95,0
195,1,95,96,0
196,1,96,97,0
197,1,97,98,0
198,1,98,99,0
199,1,99,100,2
200,2,0,2,0
201,2,1,3,0
202,2,2,4,0
203,2,3,5,0
204,2,4,6,0
205,2,5,7,0
206,2,6,8,0
207,2,7,9,0
208,2,8,10,1
209,2,9,11,1
210,2,10,12,0
211,2,11,13,0
212,2,12,14,0
213,2,13,15,0
214,2,14,16,0
215,2,15,17,0
216,2,16,18,0
217,2,17,19,0
218,2,18,20,1
219,2,19,21,1
220,2,20,22,0
221,2,21,23,0
222,2,22,24,0
223,2,23,25,0
224,2,24,26,0
225,2,25,27,0
226,2,26,28,0
227,2,27,29,0
228,2,28,30,1
229,2,29,31,1
230,2,30,32,0
231,2,31,33,0
232,2,32,34,0
233,2,33,35,0
234,2,34,36,0
235,2,35,37,0
236,2,36,38,0
237,2,37,39,0
238,2,38,40,1
239,2,39,41,1
240,2,40,42,0
241,2,41,43,0
242,2,42,44,0
243,2,43,45,0
244,2,44,46,0
245,2,45,47,0
246,2,46,48,0
247,2,47,49,0
248,2,48,50,1
249,2,49,51,1
250,2,50,52,0
251,2,51,53,0
252,2,52,54,0
253,2,53,55,0
254,2,54,56,0
255,2,55,57,0
256,2,56,58,0
257,2,57,59,0
258,2,58,60,1
259,2,59,61,1
260,2,60,62,0
261,2,61,63,0
262,2,62,64,0
263,2,63,65,0
264,2,64,66,0
265,2,65,67,0
266,2,66,68,0
267,2,67,69,0
268,2,68,70,1
269,2,69,71,1
270,2,70,72,0
271,2,71,73,0
272,2,72,74,0
273,2,73,75,0
274,2,74,76,0
275,2,75,77,0
276,2,76,78,0
277,2,77,79,0
278,2,78,80,1
279,2,79,81,1
280,2,80,82,0
281,2,81,83,0
282,2,82,84,0
283,2,83,85,0
284,2,84,86,0
285,2,85,87,0
286,2,86,88,0
287,2,87,89,0
288,2,88,90,1
289,2,89,91,1
290,2,90,92,0
291,2,91,93,0
292,2,92,94,0
293,2,93,95,0
294,2,94,96,0
295,2,95,97,0
296,2,96,98,0
297,2,97,99,0
298,2,98,100,2
299,2,99,101,2
300,3,0,3,0
301,3,1,4,0
302,3,2,5,0
303,3,3,6,0
304,3,4,7,0
305,3,5,8,0
306,3,6,9,0
307,3,7,10,1
308,3,8,11,1
309,3,9,12,1
310,3,10,13,0
311,3,11,14,0
312,3,12,15,0
313,3,13,16,0
314,3,14,17,0
315,3,15,18,0
316,3,16,19,0
317,3,17,20,1
318,3,18,21,1
319,3,19,22,1
320,3,20,23,0
321,3,21,24,0
322,3,22,25,0
323,3,23,26,0
324,3,24,27,0
325,3,25,28,0
326,3,26,29,0
327,3,27,30,1
328,3,28,31,1
329,3,29,32,1
330,3,30,33,0
331,3,31,34,0
332,3,32,35,0
333,3,33,36,0
334,3,34,37,0
335,3,35,38,0
336,3,36,39,0
337,3,37,40,1
338,3,38,41,1
339,3,39,42,1
340,3,40,43,0
341,3,41,44,0
342,3,42,45,0
343,3,43,46,0
344,3,44,47,0
345,3,45,48,0
346,3,46,49,0
347,3,47,50,1
348,3,48,51,1
349,3,49,52,1
350,3,50,53,0
351,3,51,54,0
352,3,52,55,0
353,3,53,56,0
354,3,54,57,0
355,3,55,58,0
356,3,56,59,0
357,3,57,60,1
358,3,58,61,1
359,3,59,62,1
360,3,60,63,0
361,3,61,64,0
362,3,62,65,0
363,3,63,66,0
364,3,64,67,0
365,3,65,68,0
366,3,66,69,0
367,3,67,70,1
368,3,68,71,1
369,3,69,72,1
370,3,70,73,0
371,3,71,74,0
372,3,72,75,0
373,3,73,76,0
374,3,74,77,0
375,3,75,78,0
376,3,76,79,0
377,3,77,80,1
378,3,78,81,1
379,3,79,82,1
380,3,80,83,0
381,3,81,84,0
382,3,82,85,0
383,3,83,86,0
384,3,84,87,0
385,3,85,88,0
386,3,86,89,0
387,3,87,90,1
388,3,88,91,1
389,3,89,92,1
390,3,90,93,0
391,3,91,94,0
392,3,92,95,0
393,3,93,96,0
394,3,94,97,0
395,3,95,98,0
396,3,96,99,0
397,3,97,100,2
398,3,98,101,2
399,3,99,102,2
400,4,0,4,0
401,4,1,5,0
402,4,2,6,0
403,4,3,7,0
404,4,4,8,0
405,4,5,9,0
406,4,6,10,1
407,4,7,11,1
408,4,8,12,1
409,4,9,13,1
410,4,10,14,0
411,4,11,15,0
412,4,12,16,0
413,4,13,17,0
414,4,14,18,0
415,4,15,19,0
416,4,16,20,1
417,4,17,21,1
418,4,18,22,1
419,4,19,23,1
420,4,20,24,0
421,4,21,25,0
422,4,22,26,0
423,4,23,27,0
424,4,24,28,0
425,4,25,29,0
426,4,26,30,1
427,4,27,31,1
428,4,28,32,1
429,4,29,33,1
430,4,30,34,0
431,4,31,35,0
432,4,32,36,0
433,4,33,37,0
434,4,34,38,0
435,4,35,39,0
436,4,36,40,1
437,4,37,41,1
438,4,38,42,1
439,4,39,43,1
440,4,40,44,0
441,4,41,45,0
442,4,42,46,0
443,4,43,47,0
444,4,44,48,0
445,4,45,49,0
446,4,46,50,1
447,4,47,51,1
448,4,48,52,1
449,4,49,53,1
450,4,50,54,0
451,4,51,55,0
452,4,52,56,0
453,4,53,57,0
454,4,54,58,0
455,4,55,59,0
456,4,56,60,1
457,4,57,61,1
458,4,58,62,1
459,4,59,63,1
460,4,60,64,0
461,4,61,65,0
462,4,62,66,0
463,4,63,67,0
464,4,64,68,0
465,4,65,69,0
466,4,66,70,1
467,4,67,71,1
468,4,68,72,1
469,4,69,73,1
470,4,70,74,0
471,4,71,75,0
472,4,72,76,0
473,4,73,77,0
474,4,74,78,0
475,4,75,79,0
476,4,76,80,1
477,4,77,81,1
478,4,78,82,1
479,4,79,83,1
480,4,80,84,0
481,4,81,85,0
482,4,82,86,0
483,4,83,87,0
484,4,84,88,0
485,4,85,89,0
486,4,86,90,1
487,4,87,91,1
488,4,88,92,1
489,4,89,93,1
490,4,90,94,0
491,4,91,95,0
492,4,92,96,0
493,4,93,97,0
494,4,94,98,0
495,4,95,99,0
496,4,96,100,2
497,4,97,101,2
498,4,98,102,2
499,4,99,103,2
500,5,0,5,0
501,5,1,6,0
502,5,2,7,0
503,5,3,8,0
504,5,4,9,0
505,5,5,10,1
506,5,6,11,1
507,5,7,12,1
508,5,8,13,1
509,5,9,14,1
510,5,10,15,0
511,5,11,16,0
512,5,12,17,0
513,5,13,18,0
514,5,14,19,0
515,5,15,20,1
516,5,16,21,1
517,5,17,22,1
518,5,18,23,1
519,5,19,24,1
520,5,20,25,0
521,5,21,26,0
522,5,22,27,0
523,5,23,28,0
524,5,24,29,0
525,5,25,30,1
526,5,26,31,1
527,5,27,32,1
528,5,28,33,1
529,5,29,34,1
530,5,30,35,0
531,5,31,36,0
532,5,32,37,0
533,5,33,38,0
534,5,34,39,0
535,5,35,40,1
536,5,36,41,1
537,5,37,42,1
538,5,38,43,1
539,5,39,44,1
540,5,40,45,0
541,5,41,46,0
542,5,42,47,0
543,5,43,48,0
544,5,44,49,0
545,5,45,50,1
546,5,46,51,1
547,5,47,52,1
548,5,48,53,1
549,5,49,54,1
550,5,50,55,0
551,5,51,56,0
552,5,52,57,0
553,5,53,58,0
554,5,54,59,0
555,5,55,60,1
556,5,56,61,1
557,5,57,62,1
558,5,58,63,1
559,5,59,64,1
560,5,60,65,0
561,5,61,66,0
562,5,62,67,0
563,5,63,68,0
564,5,64,69,0
565,5,65,70,1
566,5,66,71,1
567,5,67,72,1
568,5,68,73,1
569,5,69,74,1
570,5,70,75,0
571,5,71,76,0
572,5,72,77,0
573,5,73,78,0
574,5,74,79,0
575,5,75,80,1
576,5,76,81,1
577,5,77,82,1
578,5,78,83,1
579,5,79,84,1
580,5,80,85,0
581,5,81,86,0
582,5,82,87,0
583,5,83,88,0
584,5,84,89,0
585,5,85,90,1
586,5,86,91,1
587,5,87,92,1
588,5,88,93,1
589,5,89,94,1
590,5,90,95,0
591,5,91,96,0
592,5,92,97,0
593,5,93,98,0
594,5,94,99,0
595,5,95,100,2
596,5,96,101,2
597,5,97,102,2
598,5,98,103,2
599,5,99,104,2
600,6,0,6,0
601,6,1,7,0
602,6,2,8,0
603,6,3,9,0
604,6,4,10,1
605,6,5,11,1
606,6,6,12,1
607,6,7,13,1
608,6,8,14,1
609,6,9,15,1
610,6,10,16,0
611,6,11,17,0
612,6,12,18,0
613,6,13,19,0
614,6,14,20,1
615,6,15,21,1
616,6,16,22,1
617,6,17,23,1
618,6,18,24,1
619,6,19,25,1
620,6,20,26,0
621,6,21,27,0
622,6,22,28,0
623,6,23,29,0
624,6,24,30,1
625,6,25,31,1
626,6,26,32,1
627,6,27,33,1
628,6,28,34,1
629,6,29,35,1
630,6,30,36,0
631,6,31,37,0
632,6,32,38,0
633,6,33,39,0
634,6,34,40,1
635,6,35,41,1
636,6,36,42,1
637,6,37,43,1
638,6,38,44,1
639,6,39,45,1
640,6,40,46,0
641,6,41,47,0
642,6,42,48,0
643,6,43,49,0
644,6,44,50,1
645,6,45,51,1
646,6,46,52,1
647,6,47,53,1
648,6,48,54,1
649,6,49,55,1
650,6,50,56,0
651,6,51,57,0
652,6,52,58,0
653,6,53,59,0
654,6,54,60,1
655,6,55,61,1
656,6,56,62,1
657,6,57,63,1
658,6,58,64,1
659,6,59,65,1
660,6,60,66,0
661,6,61,67,0
662,6,62,68,0
663,6,63,69,0
664,6,64,70,1
665,6,65,71,1
666,6,66,72,1
667,6,67,73,1
668,6,68,74,1
669,6,69,75,1
670,6,70,76,0
671,6,71,77,0
672,6,72,78,0
673,6,73,79,0
674,6,74,80,1
675,6,75,81,1
676,6,76,82,1
677,6,77,83,1
678,6,78,84,1
679,6,79,85,1
680,6,80,86,0
681,6,81,87,0
682,6,82,88,0
683,6,83,89,0
684,6,84,90,1
685,6,85,91,1
686,6,86,92,1
687,6,87,93,1
688,6,88,94,1
689,6,89,95,1
690,6,90,96,0
691,6,91,97,0
692,6,92,98,0
693,6,93,99,0
694,6,94,100,2
695,6,95,101,2
696,6,96,102,2
697,6,97,103,2
698,6,98,104,2
699,6,99,105,2
700,7,0,7,0
701,7,1,8,0
702,7,2,9,0
703,7,3,10,1
704,7,4,11,1
705,7,5,12,1
706,7,6,13,1
707,7,7,14,1
708,7,8,15,1
709,7,9,16,1
710,7,10,17,0
711,7,11,18,0
712,7,12,19,0
713,7,13,20,1
714,7,14,21,1
715,7,15,22,1
716,7,16,23,1
717,7,17,24,1
718,7,18,25,1
719,7,19,26,1
720,7,20,27,0
721,7,21,28,0
722,7,22,29,0
723,7,23,30,1
724,7,24,31,1
725,7,25,32,1
726,7,26,33,1
727,7,27,34,1
728,7,28,35,1
729,7,29,36,1
730,7,30,37,0
731,7,31,38,0
732,7,32,39,0
733,7,33,40,1
734,7,34,41,1
735,7,35,42,1
736,7,36,43,1
737,7,37,44,1
738,7,38,45,1
739,7,39,46,1
740,7,40,47,0
741,7,41,48,0
742,7,42,49,0
743,7,43,50,1
744,7,44,51,1
745,7,45,52,1
746,7,46,53,1
747,7,47,54,1
748,7,48,55,1
749,7,49,56,1
750,7,50,57,0
751,7,51,58,0
752,7,52,59,0
753,7,53,60,1
754,7,54,61,1
755,7,55,62,1
756,7,56,63,1
757,7,57,64,1
758,7,58,65,1
759,7,59,66,1
760,7,60,67,0
761,7,61,68,0
762,7,62,69,0
763,7,63,70,1
764,7,64,71,1
765,7,65,72,1
766,7,66,73,1
767,7,67,74,1
768,7,68,75,1
769,7,69,76,1
770,7,70,77,0
771,7,71,78,0
772,7,72,79,0
773,7,73,80,1
774,7,74,81,1
775,7,75,82,1
776,7,76,83,1
777,7,77,84,1
778,7,78,85,1
779,7,79,86,1
780,7,80,87,0
781,7,81,88,0
782,7,82,89,0
783,7,83,90,1
784,7,84,91,1
785,7,85,92,1
786,7,86,93,1
787,7,87,94,1
788,7,88,95,1
789,7,89,96,1
790,7,90,97,0
791,7,91,98,0
792,7,92,99,0
793,7,93,100,2
794,7,94,101,2
795,7,95,102,2
796,7,96,103,2
797,7,97,104,2
798,7,98,105,2
799,7,99,106,2
800,8,0,8,0
801,8,1,9,0
802,8,2,10,1
803,8,3,11,1
804,8,4,12,1
805,8,5,13,1
806,8,6,14,1
807,8,7,15,1
808,8,8,16,1
809,8,9,17,1
810,8,10,18,0
811,8,11,19,0
812,8,12,20,1
813,8,13,21,1
814,8,14,22,1
815,8,15,23,1
816,8,16,24,1
817,8,17,25,1
818,8,18,26,1
819,8,19,27,1
820,8,20,28,0
821,8,21,29,0
822,8,22,30,1
823,8,23,31,1
824,8,24,32,1
825,8,25,33,1
826,8,26,34,1
827,8,27,35,1
828,8,28,36,1
829,8,29,37,1
830,8,30,38,0
831,8,31,39,0
832,8,32,40,1
833,8,33,41,1
834,8,34,42,1
835,8,35,43,1
836,8,36,44,1
837,8,37,45,1
838,8,38,46,1
839,8,39,47,1
840,8,40,48,0
841,8,41,49,0
842,8,42,50,1
843,8,43,51,1
844,8,44,52,1
845,8,45,53,1
846,8,46,54,1
847,8,47,55,1
848,8,48,56,1
849,8,49,57,1
850,8,50,58,0
851,8,51,59,0
852,8,52,60,1
853,8,53,61,1
854,8,54,62,1
855,8,55,63,1
856,8,56,64,1
857,8,57,65,1
858,8,58,66,1
859,8,59,67,1
860,8,60,68,0
861,8,61,69,0
862,8,62,70,1
863,8,63,71,1
864,8,64,72,1
865,8,65,73,1
866,8,66,74,1
867,8,67,75,1
868,8,68,76,1
869,8,69,77,1
870,8,70,78,0
871,8,71,79,0
872,8,72,80,1
873,8,73,81,1
874,8,74,82,1
875,8,75,83,1
876,8,76,84,1
877,8,77,85,1
878,8,78,86,1
879,8,79,87,1
880,8,80,88,0
881,8,81,89,0
882,8,82,90,1
883,8,83,91,1
884,8,84,92,1
885,8,85,93,1
886,8,86,94,1
887,8,87,95,1
888,8,88,96,1
889,8,89,97,1
890,8,90,98,0
891,8,91,99,0
892,8,92,100,2
893,8,93,101,2
894,8,94,102,2
895,8,95,103,2
896,8,96,104,2
897,8,97,105,2
898,8,98,106,2
899,8,99,107,2
900,9,0,9,0
901,9,1,10,1
902,9,2,11,1
903,9,3,12,1
904,9,4,13,1
905,9,5,14,1
906,9,6,15,1
907,9,7,16,1
908,9,8,17,1
909,9,9,18,1
910,9,10,19,0
911,9,11,20,1
912,9,12,21,1
913,9,13,22,1
914,9,14,23,1
915,9,15,24,1
916,9,16,25,1
917,9,17,26,1
918,9,18,27,1
919,9,19,28,1
920,9,20,29,0
921,9,21,30,1
922,9,22,31,1
923,9,23,32,1
924,9,24,33,1
925,9,25,34,1
926,9,26,35,1
927,9,27,36,1
928,9,28,37,1
929,9,29,38,1
930,9,30,39,0
931,9,31,40,1
932,9,32,41,1
933,9,33,42,1
934,9,34,43,1
935,9,35,44,1
936,9,36,45,1
937,9,37,46,1
938,9,38,47,1
939,9,39,48,1
940,9,40,49,0
941,9,41,50,1
942,9,42,51,1
943,9,43,52,1
944,9,44,53,1
945,9,45,54,1
946,9,46,55,1
947,9,47,56,1
948,9,48,57,1
949,9,49,58,1
950,9,50,59,0
951,9,51,60,1
952,9,52,61,1
953,9,53,62,1
954,9,54,63,1
955,9,55,64,1
956,9,56,65,1
957,9,57,66,1
958,9,58,67,1
959,9,59,68,1
960,9,60,69,0
961,9,61,70,1
962,9,62,71,1
963,9,63,72,1
964,9,64,73,1
965,9,65,74,1
966,9,66,75,1
967,9,67,76,1
968,9,68,77,1
969,9,69,78,1
970,9,70,79,0
971,9,71,80,1
972,9,72,81,1
973,9,73,82,1
974,9,74,83,1
975,9,75,84,1
976,9,76,85,1
977,9,77,86,1
978,9,78,87,1
979,9,79,88,1
980,9,80,89,0
981,9,81,90,1
982,9,82,91,1
983,9,83,92,1
984,9,84,93,1
985,9,85,94,1
986,9,86,95,1
987,9,87,96,1
988,9,88,97,1
989,9,89,98,1
990,9,90,99,0
991,9,91,100,2
992,9,92,101,2
993,9,93,102,2
994,9,94,103,2
995,9,95,104,2
996,9,96,105,2
997,9,97,106,2
998,9,98,107,2
999,9,99,108,2
1000,10,0,10,0
1001,10,1,11,0
1002,10,2,12,0
1003,10,3,13,0
1004,10,4,14,0
1005,10,5,15,0
1006,10,6,16,0
1007,10,7,17,0
1008,10,8,18,0
1009,10,9,19,0
1010,10,10,20,0
1011,10,11,21,0
1012,10,12,22,0
1013,10,13,23,0
1014,10,14,24,0
1015,10,15,25,0
1016,10,16,26,0
1017,10,17,27,0
1018,10,18,28,0
1019,10,19,29,0
1020,10,20,30,0
1021,10,21,31,0
1022,10,22,32,0
1023,10,23,33,0
1024,10,24,34,0
1025,10,25,35,0
1026,10,26,36,0
1027,10,27,37,0
1028,10,28,38,0
1029,10,29,39,0
1030,10,30,40,0
1031,10,31,41,0
1032,10,32,42,0
1033,10,33,43,0
1034,10,34,44,0
1035,10,35,45,0
1036,10,36,46,0
1037,10,37,47,0
1038,10,38,48,0
1039,10,39,49,0
1040,10,40,50,0
1041,10,41,51,0
1042,10,42,52,0
1043,10,43,53,0
1044,10,44,54,0
1045,10,45,55,0
1046,10,46,56,0
1047,10,47,57,0
1048,10,48,58,0
1049,10,49,59,0
1050,10,50,60,0
1051,10,51,61,0
1052,10,52,62,0
1053,10,53,63,0
1054,10,54,64,0
1055,10,55,65,0
1056,10,56,66,0
1057,10,57,67,0
1058,10,58,68,0
1059,10,59,69,0
1060,10,60,70,0
1061,10,61,71,0
1062,10,62,72,0
1063,10,63,73,0
1064,10,64,74,0
1065,10,65,75,0
1066,10,66,76,0
1067,10,67,77,0
1068,10,68,78,0
1069,10,69,79,0
1070,10,70,80,0
1071,10,71,81,0
1072,10,72,82,0
1073,10,73,83,0
1074,10,74,84,0
1075,10,75,85,0
1076,10,76,86,0
1077,10,77,87,0
1078,10,78,88,0
1079,10,79,89,0
1080,10,80,90,0
1081,10,81,91,0
1082,10,82,92,0
1083,10,83,93,0
1084,10,84,94,0
1085,10,85,95,0
1086,10,86,96,0
1087,10,87,97,0
1088,10,88,98,0
1089,10,89,99,0
1090,10,90,100,1
1091,10,91,101,1
1092,10,92,102,1
1093,10,93,103,1
1094,10,94,104,1
1095,10,95,105,1
1096,10,96,106,1
1097,10,97,107,1
1098,10,98,108,1
1099,10,99,109,1
1100,11,0,11,0
1101,11,1,12,0
1102,11,2,13,0
1103,11,3,14,0
1104,11,4,15,0
1105,11,5,16,0
1106,11,6,17,0
1107,11,7,18,0
1108,11,8,19,0
1109,11,9,20,1
1110,11,10,21,0
1111,11,11,22,0
1112,11,12,23,0
1113,11,13,24,0
1114,11,14,25,0
1115,11,15,26,0
1116,11,16,27,0
1117,11,17,28,0
1118,11,18,29,0
1119,11,19,30,1
1120,11,20,31,0
1121,11,21,32,0
1122,11,22,33,0
1123,11,23,34,0
1124,11,24,35,0
1125,11,25,36,0
1126,11,26,37,0
1127,11,27,38,0
1128,11,28,39,0
1129,11,29,40,1
1130,11,30,41,0
1131,11,31,42,0
1132,11,32,43,0
1133,11,33,44,0
1134,11,34,45,0
1135,11,35,46,0
1136,11,36,47,0
1137,11,37,48,0
1138,11,38,49,0
1139,11,39,50,1
1140,11,40,51,0
1141,11,41,52,0
1142,11,42,53,0
1143,11,43,54,0
1144,11,44,55,0
1145,11,45,56,0
1146,11,46,57,0
1147,11,47,58,0
1148,11,48,59,0
1149,11,49,60,1
1150,11,50,61,0
1151,11,51,62,0
1152,11,52,63,0
1153,11,53,64,0
1154,11,54,65,0
1155,11,55,66,0
1156,11,56,67,0
1157,11,57,68,0
1158,11,58,69,0
1159,11,59,70,1
1160,11,60,71,0
1161,11,61,72,0
1162,11,62,73,0
1163,11,63,74,0
1164,11,64,75,0
1165,11,65,76,0
1166,11,66,77,0
1167,11,67,78,0
1168,11,68,79,0
1169,11,69,80,1
1170,11,70,81,0
1171,11,71,82,0
1172,11,72,83,0
1173,11,73,84,0
1174,11,74,85,0
1175,11,75,86,0
1176,11,76,87,0
1177,11,77,88,0
1178,11,78,89,0
1179,11,79,90,1
1180,11,80,91,0
1181,11,81,92,0
1182,11,82,93,0
1183,11,83,94,0
1184,11,84,95,0
1185,11,85,96,0
1186,11,86,97,0
1187,11,87,98,0
1188,11,88,99,0
1189,11,89,100,2
1190,11,90,101,1
1191,11,91,102,1
1192,11,92,103,1
1193,11,93,104,1
1194,11,94,105,1
1195,11,95,106,1
1196,11,96,107,1
1197,11,97,108,1
1198,11,98,109,1
1199,11,99,110,2
1200,12,0,12,0
1201,12,1,13,0
1202,12,2,14,0
1203,12,3,15,0
1204,12,4,16,0
1205,12,5,17,0
1206,12,6,18,0
1207,12,7,19,0
1208,12,8,20,1
1209,12,9,21,1
1210,12,10,22,0
1211,12,11,23,0
1212,12,12,24,0
1213,12,13,25,0
1214,12,14,26,0
1215,12,15,27,0
1216,12,16,28,0
1217,12,17,29,0
1218,12,18,30,1
1219,12,19,31,1
1220,12,20,32,0
1221,12,21,33,0
1222,12,22,34,0
1223,12,23,35,0
1224,12,24,36,0
1225,12,25,37,0
1226,12,26,38,0
1227,12,27,39,0
1228,12,28,40,1
1229,12,29,41,1
1230,12,30,42,0
1231,12,31,43,0
1232,12,32,44,0
1233,12,33,45,0
1234,12,34,46,0
1235,12,35,47,0
1236,12,36,48,0
1237,12,37,49,0
1238,12,38,50,1
1239,12,39,51,1
1240,12,40,52,0
1241,12,41,53,0
1242,12,42,54,0
1243,12,43,55,0
1244,12,44,56,0
1245,12,45,57,0
1246,12,46,58,0
1247,12,47,59,0
1248,12,48,60,1
1249,12,49,61,1
1250,12,50,62,0
1251,12,51,63,0
1252,12,52,64,0
1253,12,53,65,0
1254,12,54,66,0
1255,12,55,67,0
1256,12,56,68,0
1257,12,57,69,0
1258,12,58,70,1
1259,12,59,71,1
1260,12,60,72,0
1261,12,61,73,0
1262,12,62,74,0
1263,12,63,75,0
1264,12,64,76,0
1265,12,65,77,0
1266,12,66,78,0
1267,12,67,79,0
1268,12,68,80,1
1269,12,69,81,1
1270,12,70,82,0
1271,12,71,83,0
1272,12,72,84,0
1273,12,73,85,0
1274,12,74,86,0
1275,12,75,87,0
1276,12,76,88,0
1277,12,77,89,0
1278,12,78,90,1
1279,12,79,91,1
1280,12,80,92,0
1281,12,81,93,0
1282,12,82,94,0
1283,12,83,95,0
1284,12,84,96,0
1285,12,85,97,0
1286,12,86,98,0
1287,12,87,99,0
1288,12,88,100,2
1289,12,89,101,2
1290,12,90,102,1
1291,12,91,103,1
1292,12,92,104,1
1293,12,93,105,1
1294,12,94,106,1
1295,12,95,107,1
1296,12,96,108,1
1297,12,97,109,1
1298,12,98,110,2
1299,12,99,111,2
1300,13,0,13,0
1301,13,1,14,0
1302,13,2,15,0
1303,13,3,16,0
1304,13,4,17,0
1305,13,5,18,0
1306,13,6,19,0
1307,13,7,20,1
1308,13,8,21,1
1309,13,9,22,1
1310,13,10,23,0
1311,13,11,24,0
1312,13,12,25,0
1313,13,13,26,0
1314,13,14,27,0
1315,13,15,28,0
1316,13,16,29,0
1317,13,17,30,1
1318,13,18,31,1
1319,13,19,32,1
1320,13,20,33,0
1321,13,21,34,0
1322,13,22,35,0
1323,13,23,36,0
1324,13,24,37,0
1325,13,25,38,0
1326,13,26,39,0
1327,13,27,40,1
1328,13,28,41,1
1329,13,29,42,1
1330,13,30,43,0
1331,13,31,44,0
1332,13,32,45,0
1333,13,33,46,0
1334,13,34,47,0
1335,13,35,48,0
1336,13,36,49,0
1337,13,37,50,1
1338,13,38,51,1
1339,13,39,52,1
1340,13,40,53,0
1341,13,41,54,0
1342,13,42,55,0
1343,13,43,56,0
1344,13,44,57,0
1345,13,45,58,0
1346,13,46,59,0
1347,13,47,60,1
1348,13,48,61,1
1349,13,49,62,1
1350,13,50,63,0
1351,13,51,64,0
1352,13,52,65,0
1353,13,53,66,0
1354,13,54,67,0
1355,13,55,68,0
1356,13,56,69,0
1357,13,57,70,1
1358,13,58,71,1
1359,13,59,72,1
1360,13,60,73,0
1361,13,61,74,0
1362,13,62,75,0
1363,13,63,76,0
1364,13,64,77,0
1365,13,65,78,0
1366,13,66,79,0
1367,13,67,80,1
1368,13,68,81,1
1369,13,69,82,1
1370,13,70,83,0
1371,13,71,84,0
1372,13,72,85,0
1373,13,73,86,0
1374,13,74,87,0
1375,13,75,88,0
1376,13,76,89,0
1377,13,77,90,1
1378,13,78,91,1
1379,13,79,92,1
1380,13,80,93,0
1381,13,81,94,0
1382,13,82,95,0
1383,13,83,96,0
1384,13,84,97,0
1385,13,85,98,0
1386,13,86,99,0
1387,13,87,100,2
1388,13,88,101,2
1389,13,89,102,2
1390,13,90,103,1
1391,13,91,104,1
1392,13,92,105,1
1393,13,93,106,1
1394,13,94,107,1
1395,13,95,108,1
1396,13,96,109,1
1397,13,97,110,2
1398,13,98,111,2
1399,13,99,112,2
1400,14,0,14,0
1401,14,1,15,0
1402,14,2,16,0
1403,14,3,17,0
1404,14,4,18,0
1405,14,5,19,0
1406,14,6,20,1
1407,14,7,21,1
1408,14,8,22,1
1409,14,9,23,1
1410,14,10,24,0
1411,14,11,25,0
1412,14,12,26,0
1413,14,13,27,0
1414,14,14,28,0
1415,14,15,29,0
1416,14,16,30,1
1417,14,17,31,1
1418,14,18,32,1
1419,14,19,33,1
1420,14,20,34,0
1421,14,21,35,0
1422,14,22,36,0
1423,14,23,37,0
1424,14,24,38,0
1425,14,25,39,0
1426,14,26,40,1
1427,14,27,41,1
1428,14,28,42,1
1429,14,29,43,1
1430,14,30,44,0
1431,14,31,45,0
1432,14,32,46,0
1433,14,33,47,0
1434,14,34,48,0
1435,14,35,49,0
1436,14,36,50,1
1437,14,37,51,1
1438,14,38,52,1
1439,14,39,53,1
1440,14,40,54,0
1441,14,41,55,0
1442,14,42,56,0
1443,14,43,57,0
1444,14,44,58,0
1445,14,45,59,0
1446,14,46,60,1
1447,14,47,61,1
1448,14,48,62,1
1449,14,49,63,1
1450,14,50,64,0
1451,14,51,65,0
1452,14,52,66,0
1453,14,53,67,0
1454,14,54,68,0
1455,14,55,69,0
1456,14,56,70,1
1457,14,57,71,1
1458,14,58,72,1
1459,14,59,73,1
1460,14,60,74,0
1461,14,61,75,0
1462,14,62,76,0
1463,14,63,77,0
1464,14,64,78,0
1465,14,65,79,0
1466,14,66,80,1
1467,14,67,81,1
1468,14,68,82,1
1469,14,69,83,1
1470,14,70,84,0
1471,14,71,85,0
1472,14,72,86,0
1473,14,73,87,0
1474,14,74,88,0
1475,14,75,89,0
1476,14,76,90,1
1477,14,77,91,1
1478,14,78,92,1
1479,14,79,93,1
1480,14,80,94,0
1481,14,81,95,0
1482,14,82,96,0
1483,14,83,97,0
1484,14,84,98,0
1485,14,85,99,0
1486,14,86,100,2
1487,14,87,101,2
1488,14,88,102,2
1489,14,89,103,2
1490,14,90,104,1
1491,14,91,105,1
1492,14,92,106,1
1493,14,93,107,1
1494,14,94,108,1
1495,14,95,109,1
1496,14,96,110,2
1497,14,97,111,2
1498,14,98,112,2
1499,14,99,113,2
1500,15,0,15,0
1501,15,1,16,0
1502,15,2,17,0
1503,15,3,18,0
1504,15,4,19,0
1505,15,5,20,1
1506,15,6,21,1
1507,15,7,22,1
1508,15,8,23,1
1509,15,9,24,1
1510,15,10,25,0
1511,15,11,26,0
1512,15,12,27,0
1513,15,13,28,0
1514,15,14,29,0
1515,15,15,30,1
1516,15,16,31,1
1517,15,17,32,1
1518,15,18,33,1
1519,15,19,34,1
1520,15,20,35,0
1521,15,21,36,0
1522,15,22,37,0
1523,15,23,38,0
1524,15,24,39,0
1525,15,25,40,1
1526,15,26,41,1
1527,15,27,42,1
1528,15,28,43,1
1529,15,29,44,1
1530,15,30,45,0
1531,15,31,46,0
1532,15,32,47,0
1533,15,33,48,0
1534,15,34,49,0
1535,15,35,50,1
1536,15,36,51,1
1537,15,37,52,1
1538,15,38,53,1
1539,15,39,54,1
1540,15,40,55,0
1541,15,41,56,0
1542,15,42,57,0
1543,15,43,58,0
1544,15,44,59,0
1545,15,45,60,1
1546,15,46,61,1
1547,15,47,62,1
1548,15,48,63,1
1549,15,49,64,1
1550,15,50,65,0
1551,15,51,66,0
1552,15,52,67,0
1553,15,53,68,0
1554,15,54,69,0
1555,15,55,70,1
1556,15,56,71,1
1557,15,57,72,1
1558,15,58,73,1
1559,15,59,74,1
1560,15,60,75,0
1561,15,61,76,0
1562,15,62,77,0
1563,15,63,78,0
1564,15,64,79,0
1565,15,65,80,1
1566,15,66,81,1
1567,15,67,82,1
1568,15,68,83,1
1569,15,69,84,1
1570,15,70,85,0
1571,15,71,86,0
1572,15,72,87,0
1573,15,73,88,0
1574,15,74,89,0
1575,15,75,90,1
1576,15,76,91,1
1577,15,77,92,1
1578,15,78,93,1
1579,15,79,94,1
1580,15,80,95,0
1581,15,81,96,0
1582,15,82,97,0
1583,15,83,98,0
1584,15,84,99,0
1585,15,85,100,2
1586,15,86,101,2
1587,15,87,102,2
1588,15,88,103,2
1589,15,89,104,2
1590,15,90,105,1
1591,15,91,106,1
1592,15,92,107,1
1593,15,93,108,1
1594,15,94,109,1
1595,15,95,110,2
1596,15,96,111,2
1597,15,97,112,2
1598,15,98,113,2
1599,15,99,114,2
1600,16,0,16,0
1601,16,1,17,0
1602,16,2,18,0
1603,16,3,19,0
1604,16,4,20,1
1605,16,5,21,1
1606,16,6,22,1
1607,16,7,23,1
1608,16,8,24,1
1609,16,9,25,1
1610,16,10,26,0
1611,16,11,27,0
1612,16,12,28,0
1613,16,13,29,0
1614,16,14,30,1
1615,16,15,31,1
1616,16,16,32,1
1617,16,17,33,1
1618,16,18,34,1
1619,16,19,35,1
1620,16,20,36,0
1621,16,21,37,0
1622,16,22,38,0
1623,16,23,39,0
1624,16,24,40,1
1625,16,25,41,1
1626,16,26,42,1
1627,16,27,43,1
1628,16,28,44,1
1629,16,29,45,1
1630,16,30,46,0
1631,16,31,47,0
1632,16,32,48,0
1633,16,33,49,0
1634,16,34,50,1
1635,16,35,51,1
1636,16,36,52,1
1637,16,37,53,1
1638,16,38,54,1
1639,16,39,55,1
1640,16,40,56,0
1641,16,41,57,0
1642,16,42,58,0
1643,16,43,59,0
1644,16,44,60,1
1645,16,45,61,1
1646,16,46,62,1
1647,16,47,63,1
1648,16,48,64,1
1649,16,49,65,1
1650,16,50,66,0
1651,16,51,67,0
1652,16,52,68,0
1653,16,53,69,0
1654,16,54,70,1
1655,16,55,71,1
1656,16,56,72,1
1657,16,57,73,1
1658,16,58,74,1
1659,16,59,75,1
1660,16,60,76,0
1661,16,61,77,0
1662,16,62,78,0
1663,16,63,79,0
1664,16,64,80,1
1665,16,65,81,1
1666,16,66,82,1
1667,16,67,83,1
1668,16,68,84,1
1669,16,69,85,1
1670,16,70,86,0
1671,16,71,87,0
1672,16,72,88,0
1673,16,73,89,0
1674,16,74,90,1
1675,16,75,91,1
1676,16,76,92,1
1677,16,77,93,1
1678,16,78,94,1
1679,16,79,95,1
1680,16,80,96,0
1681,16,81,97,0
1682,16,82,98,0
1683,16,83,99,0
1684,16,84,100,2
1685,16,85,101,2
1686,16,86,102,2
1687,16,87,103,2
1688,16,88,104,2
1689,16,89,105,2
1690,16,90,106,1
1691,16,91,107,1
1692,16,92,108,1
1693,16,93,109,1
1694,16,94,110,2
1695,16,95,111,2
1696,16,96,112,2
1697,16,97,113,2
1698,16,98,114,2
1699,16,99,115,2
1700,17,0,17,0
1701,17,1,18,0
1702,17,2,19,0
1703,17,3,20,1
1704,17,4,21,1
1705,17,5,22,1
1706,17,6,23,1
1707,17,7,24,1
1708,17,8,25,1
1709,17,9,26,1
1710,17,10,27,0
1711,17,11,28,0
1712,17,12,29,0
1713,17,13,30,1
1714,17,14,31,1
1715,17,15,32,1
1716,17,16,33,1
1717,17,17,34,1
1718,17,18,35,1
1719,17,19,36,1
1720,17,20,37,0
1721,17,21,38,0
1722,17,22,39,0
1723,17,23,40,1
1724,17,24,41,1
1725,17,25,42,1
1726,17,26,43,1
1727,17,27,44,1
1728,17,28,45,1
1729,17,29,46,1
1730,17,30,47,0
1731,17,31,48,0
1732,17,32,49,0
1733,17,33,50,1
1734,17,34,51,1
1735,17,35,52,1
1736,17,36,53,1
1737,17,37,54,1
1738,17,38,55,1
1739,17,39,56,1
1740,17,40,57,0
1741,17,41,58,0
1742,17,42,59,0
1743,17,43,60,1
1744,17,44,61,1
1745,17,45,62,1
1746,17,46,63,1
1747,17,47,64,1
1748,17,48,65,1
1749,17,49,66,1
1750,17,50,67,0
1751,17,51,68,0
1752,17,52,69,0
1753,17,53,70,1
1754,17,54,71,1
1755,17,55,72,1
1756,17,56,73,1
1757,17,57,74,1
1758,17,58,75,1
1759,17,59,76,1
1760,17,60,77,0
1761,17,61,78,0
1762,17,62,79,0
1763,17,63,80,1
1764,17,64,81,1
1765,17,65,82,1
1766,17,66,83,1
1767,17,67,84,1
1768,17,68,85,1
1769,17,69,86,1
1770,17,70,87,0
1771,17,71,88,0
1772,17,72,89,0
1773,17,73,90,1
1774,17,74,91,1
1775,17,75,92,1
1776,17,76,93,1
1777,17,77,94,1
1778,17,78,95,1
1779,17,79,96,1
1780,17,80,97,0
1781,17,81,98,0
1782,17,82,99,0
1783,17,83,100,2
1784,17,84,101,2
1785,17,85,102,2
1786,17,86,103,2
1787,17,87,104,2
1788,17,88,105,2
1789,17,89,106,2
1790,17,90,107,1
1791,17,91,108,1
1792,17,92,109,1
1793,17,93,110,2
1794,17,94,111,2
1795,17,95,112,2
1796,17,96,113,2
1797,17,97,114,2
1798,17,98,115,2
1799,17,99,116,2
1800,18,0,18,0
1801,18,1,19,0
1802,18,2,20,1
1803,18,3,21,1
1804,18,4,22,1
1805,18,5,23,1
1806,18,6,24,1
1807,18,7,25,1
1808,18,8,26,1
1809,18,9,27,1
1810,18,10,28,0
1811,18,11,29,0
1812,18,12,30,1
1813,18,13,31,1
1814,18,14,32,1
1815,18,15,33,1
1816,18,16,34,1
1817,18,17,35,1
1818,18,18,36,1
1819,18,19,37,1
1820,18,20,38,0
1821,18,21,39,0
1822,18,22,40,1
1823,18,23,41,1
1824,18,24,42,1
1825,18,25,43,1
1826,18,26,44,1
1827,18,27,45,1
1828,18,28,46,1
1829,18,29,47,1
1830,18,30,48,0
1831,18,31,49,0
1832,18,32,50,1
1833,18,33,51,1
1834,18,34,52,1
1835,18,35,53,1
1836,18,36,54,1
1837,18,37,55,1
1838,18,38,56,1
1839,18,39,57,1
1840,18,40,58,0
1841,18,41,59,0
1842,18,42,60,1
1843,18,43,61,1
1844,18,44,62,1
1845,18,45,63,1
1846,18,46,64,1
1847,18,47,65,1
1848,18,48,66,1
1849,18,49,67,1
1850,18,50,68,0
1851,18,51,69,0
1852,18,52,70,1
1853,18,53,71,1
1854,18,54,72,1
1855,18,55,73,1
1856,18,56,74,1
1857,18,57,75,1
1858,18,58,76,1
1859,18,59,77,1
1860,18,60,78,0
1861,18,61,79,0
1862,18,62,80,1
1863,18,63,81,1
1864,18,64,82,1
1865,18,65,83,1
1866,18,66,84,1
1867,18,67,85,1
1868,18,68,86,1
1869,18,69,87,1
1870,18,70,88,0
1871,18,71,89,0
1872,18,72,90,1
1873,18,73,91,1
1874,18,74,92,1
1875,18,75,93,1
1876,18,76,94,1
1877,18,77,95,1
1878,18,78,96,1
1879,18,79,97,1
1880,18,80,98,0
1881,18,81,99,0
1882,18,82,100,2
1883,18,83,101,2
1884,18,84,102,2
1885,18,85,103,2
1886,18,86,104,2
1887,18,87,105,2
1888,18,88,106,2
1889,18,89,107,2
1890,18,90,108,1
1891,18,91,109,1
1892,18,92,110,2
1893,18,93,111,2
1894,18,94,112,2
1895,18,95,113,2
1896,18,96,114,2
1897,18,97,115,2
1898,18,98,116,2
1899,18,99,117,2
1900,19,0,19,0
1901,19,1,20,1
1902,19,2,21,1
1903,19,3,22,1
1904,19,4,23,1
1905,19,5,24,1
1906,19,6,25,1
1907,19,7,26,1
1908,19,8,27,1
1909,19,9,28,1
1910,19,10,29,0
1911,19,11,30,1
1912,19,12,31,1
1913,19,13,32,1
1914,19,14,33,1
1915,19,15,34,1
1916,19,16,35,1
1917,19,17,36,1
1918,19,18,37,1
1919,19,19,38,1
1920,19,20,39,0
1921,19,21,40,1
1922,19,22,41,1
1923,19,23,42,1
1924,19,24,43,1
1925,19,25,44,1
1926,19,26,45,1
1927,19,27,46,1
1928,19,28,47,1
1929,19,29,48,1
1930,19,30,49,0
1931,19,31,50,1
1932,19,32,51,1
1933,19,33,52,1
1934,19,34,53,1
1935,19,35,54,1
1936,19,36,55,1
1937,19,37,56,1
1938,19,38,57,1
1939,19,39,58,1
1940,19,40,59,0
1941,19,41,60,1
1942,19,42,61,1
1943,19,43,62,1
1944,19,44,63,1
1945,19,45,64,1
1946,19,46,65,1
1947,19,47,66,1
1948,19,48,67,1
1949,19,49,68,1
1950,19,50,69,0
1951,19,51,70,1
1952,19,52,71,1
1953,19,53,72,1
1954,19,54,73,1
1955,19,55,74,1
1956,19,56,75,1
1957,19,57,76,1
1958,19,58,77,1
1959,19,59,78,1
1960,19,60,79,0
1961,19,61,80,1
1962,19,62,81,1
1963,19,63,82,1
1964,19,64,83,1
1965,19,65,84,1
1966,19,66,85,1
1967,19,67,86,1
1968,19,68,87,1
1969,19,69,88,1
1970,19,70,89,0
1971,19,71,90,1
1972,19,72,91,1
1973,19,73,92,1
1974,19,74,93,1
1975,19,75,94,1
1976,19,76,95,1
1977,19,77,96,1
1978,19,78,97,1
1979,19,79,98,1
1980,19,80,99,0
1981,19,81,100,2
1982,19,82,101,2
1983,19,83,102,2
1984,19,84,103,2
1985,19,85,104,2
1986,19,86,105,2
1987,19,87,106,2
1988,19,88,107,2
1989,19,89,108,2
1990,19,90,109,1
1991,19,91,110,2
1992,19,92,111,2
1993,19,93,112,2
1994,19,94,113,2
1995,19,95,114,2
1996,19,96,115,2
1997,19,97,116,2
1998,19,98,117,2
1999,19,99,118,2
2000,20,0,20,0
2001,20,1,21,0
2002,20,2,22,0
2003,20,3,23,0
2004,20,4,24,0
2005,20,5,25,0
2006,20,6,26,0
2007,20,7,27,0
2008,20,8,28,0
2009,20,9,29,0
2010,20,10,30,0
2011,20,11,31,0
2012,20,12,32,0
2013,20,13,33,0
2014,20,14,34,0
2015,20,15,35,0
2016,20,16,36,0
2017,20,17,37,0
2018,20,18,38,0
2019,20,19,39,0
2020,20,20,40,0
2021,20,21,41,0
2022,20,22,42,0
2023,20,23,43,0
2024,20,24,44,0
2025,20,25,45,0
2026,20,26,46,0
2027,20,27,47,0
2028,20,28,48,0
2029,20,29,49,0
2030,20,30,50,0
2031,20,31,51,0
2032,20,32,52,0
2033,20,33,53,0
2034,20,34,54,0
2035,20,35,55,0
2036,20,36,56,0
2037,20,37,57,0
2038,20,38,58,0
2039,20,39,59,0
2040,20,40,60,0
2041,20,41,61,0
2042,20,42,62,0
2043,20,43,63,0
2044,20,44,64,0
2045,20,45,65,0
2046,20,46,66,0
2047,20,47,67,0
2048,20,48,68,0
2049,20,49,69,0
2050,20,50,70,0
2051,20,51,71,0
2052,20,52,72,0
2053,20,53,73,0
2054,20,54,74,0
2055,20,55,75,0
2056,20,56,76,0
2057,20,57,77,0
2058,20,58,78,0
2059,20,59,79,0
2060,20,60,80,0
2061,20,61,81,0
2062,20,62,82,0
2063,20,63,83,0
2064,20,64,84,0
2065,20,65,85,0
2066,20,66,86,0
2067,20,67,87,0
2068,20,68,88,0
2069,20,69,89,0
2070,20,70,90,0
2071,20,71,91,0
2072,20,72,92,0
2073,20,73,93,0
2074,20,74,94,0
2075,20,75,95,0
2076,20,76,96,0
2077,20,77,97,0
2078,20,78,98,0
2079,20,79,99,0
2080,20,80,100,1
2081,20,81,101,1
2082,20,82,102,1
2083,20,83,103,1
2084,20,84,104,1
2085,20,85,105,1
2086,20,86,106,1
2087,20,87,107,1
2088,20,88,108,1
2089,20,89,109,1
2090,20,90,110,1
2091,20,91,111,1
2092,20,92,112,1
2093,20,93,113,1
2094,20,94,114,1
2095,20,95,115,1
2096,20,96,116,1
2097,20,97,117,1
2098,20,98,118,1
2099,20,99,119,1
2100,21,0,21,0
2101,21,1,22,0
2102,21,2,23,0
2103,21,3,24,0
2104,21,4,25,0
2105,21,5,26,0
2106,21,6,27,0
2107,21,7,28,0
2108,21,8,29,0
2109,21,9,30,1
2110,21,10,31,0
2111,21,11,32,0
2112,21,12,33,0
2113,21,13,34,0
2114,21,14,35,0
2115,21,15,36,0
2116,21,16,37,0
2117,21,17,38,0
2118,21,18,39,0
2119,21,19,40,1
2120,21,20,41,0
2121,21,21,42,0
2122,21,22,43,0
2123,21,23,44,0
2124,21,24,45,0
2125,21,25,46,0
2126,21,26,47,0
2127,21,27,48,0
2128,21,28,49,0
2129,21,29,50,1
2130,21,30,51,0
2131,21,31,52,0
2132,21,32,53,0
2133,21,33,54,0
2134,21,34,55,0
2135,21,35,56,0
2136,21,36,57,0
2137,21,37,58,0
2138,21,38,59,0
2139,21,39,60,1
2140,21,40,61,0
2141,21,41,62,0
2142,21,42,63,0
2143,21,43,64,0
2144,21,44,65,0
2145,21,45,66,0
2146,21,46,67,0
2147,21,47,68,0
2148,21,48,69,0
2149,21,49,70,1
2150,21,50,71,0
2151,21,51,72,0
2152,21,52,73,0
2153,21,53,74,0
2154,21,54,75,0
2155,21,55,76,0
2156,21,56,77,0
2157,21,57,78,0
2158,21,58,79,0
2159,21,59,80,1
2160,21,60,81,0
2161,21,61,82,0
2162,21,62,83,0
2163,21,63,84,0
2164,21,64,85,0
2165,21,65,86,0
2166,21,66,87,0
2167,21,67,88,0
2168,21,68,89,0
2169,21,69,90,1
2170,21,70,91,0
2171,21,71,92,0
2172,21,72,93,0
2173,21,73,94,0
2174,21,74,95,0
2175,21,75,96,0
2176,21,76,97,0
2177,21,77,98,0
2178,21,78,99,0
2179,21,79,100,2
2180,21,80,101,1
2181,21,81,102,1
2182,21,82,103,1
2183,21,83,104,1
2184,21,84,105,1
2185,21,85,106,1
2186,21,86,107,1
2187,21,87,108,1
2188,21,88,109,1
2189,21,89,110,2
2190,21,90,111,1
2191,21,91,112,1
2192,21,92,113,1
2193,21,93,114,1
2194,21,94,115,1
2195,21,95,116,1
2196,21,96,117,1
2197,21,97,118,1
2198,21,98,119,1
2199,21,99,120,2
2200,22,0,22,0
2201,22,1,23,0
2202,22,2,24,0
2203,22,3,25,0
2204,22,4,26,0
2205,22,5,27,0
2206,22,6,28,0
2207,22,7,29,0
2208,22,8,30,1
2209,22,9,31,1
2210,22,10,32,0
2211,22,11,33,0
2212,22,12,34,0
2213,22,13,35,0
2214,22,14,36,0
2215,22,15,37,0
2216,22,16,38,0
2217,22,17,39,0
2218,22,18,40,1
2219,22,19,41,1
2220,22,20,42,0
2221,22,21,43,0
2222,22,22,44,0
2223,22,23,45,0
2224,22,24,46,0
2225,22,25,47,0
2226,22,26,48,0
2227,22,27,49,0
2228,22,28,50,1
2229,22,29,51,1
2230,22,30,52,0
2231,22,31,53,0
2232,22,32,54,0
2233,22,33,55,0
2234,22,34,56,0
2235,22,35,57,0
2236,22,36,58,0
2237,22,37,59,0
2238,22,38,60,1
2239,22,39,61,1
2240,22,40,62,0
2241,22,41,63,0
2242,22,42,64,0
2243,22,43,65,0
2244,22,44,66,0
2245,22,45,67,0
2246,22,46,68,0
2247,22,47,69,0
2248,22,48,70,1
2249,22,49,71,1
2250,22,50,72,0
2251,22,51,73,0
2252,22,52,74,0
2253,22,53,75,0
2254,22,54,76,0
2255,22,55,77,0
2256,22,56,78,0
2257,22,57,79,0
2258,22,58,80,1
2259,22,59,81,1
2260,22,60,82,0
2261,22,61,83,0
2262,22,62,84,0
2263,22,63,85,0
2264,22,64,86,0
2265,22,65,87,0
2266,22,66,88,0
2267,22,67,89,0
2268,22,68,90,1
2269,22,69,91,1
2270,22,70,92,0
2271,22,71,93,0
2272,22,72,94,0
2273,22,73,95,0
2274,22,74,96,0
2275,22,75,97,0
2276,22,76,98,0
2277,22,77,99,0
2278,22,78,100,2
2279,22,79,101,2
2280,22,80,102,1
2281,22,81,103,1
2282,22,82,104,1
2283,22,83,105,1
2284,22,84,106,1
2285,22,85,107,1
2286,22,86,108,1
2287,22,87,109,1
2288,22,88,110,2
2289,22,89,111,2
2290,22,90,112,1
2291,22,91,113,1
2292,22,92,114,1
2293,22,93,115,1
2294,22,94,116,1
2295,22,95,117,1
2296,22,96,118,1
2297,22,97,119,1
2298,22,98,120,2
2299,22,99,121,2
2300,23,0,23,0
2301,23,1,24,0
2302,23,2,25,0
2303,23,3,26,0
2304,23,4,27,0
2305,23,5,28,0
2306,23,6,29,0
2307,23,7,30,1
2308,23,8,31,1
2309,23,9,32,1
2310,23,10,33,0
2311,23,11,34,0
2312,23,12,35,0
2313,23,13,36,0
2314,23,14,37,0
2315,23,15,38,0
2316,23,16,39,0
2317,23,17,40,1
2318,23,18,41,1
2319,23,19,42,1
2320,23,20,43,0
2321,23,21,44,0
2322,23,22,45,0
2323,23,23,46,0
2324,23,24,47,0
2325,23,25,48,0
2326,23,26,49,0
2327,23,27,50,1
2328,23,28,51,1
2329,23,29,52,1
2330,23,30,53,0
2331,23,31,54,0
2332,23,32,55,0
2333,23,33,56,0
2334,23,34,57,0
2335,23,35,58,0
2336,23,36,59,0
2337,23,37,60,1
2338,23,38,61,1
2339,23,39,62,1
2340,23,40,63,0
2341,23,41,64,0
2342,23,42,65,0
2343,23,43,66,0
2344,23,44,67,0
2345,23,45,68,0
2346,23,46,69,0
2347,23,47,70,1
2348,23,48,71,1
2349,23,49,72,1
2350,23,50,73,0
2351,23,51,74,0
2352,23,52,75,0
2353,23,53,76,0
2354,23,54,77,0
2355,23,55,78,0
2356,23,56,79,0
2357,23,57,80,1
2358,23,58,81,1
2359,23,59,82,1
2360,23,60,83,0
2361,23,61,84,0
2362,23,62,85,0
2363,23,63,86,0
2364,23,64,87,0
2365,23,65,88,0
2366,23,66,89,0
2367,23,67,90,1
2368,23,68,91,1
2369,23,69,92,1
2370,23,70,93,0
2371,23,71,94,0
2372,23,72,95,0
2373,23,73,96,0
2374,23,74,97,0
2375,23,75,98,0
2376,23,76,99,0
2377,23,77,100,2
2378,23,78,101,2
2379,23,79,102,2
2380,23,80,103,1
2381,23,81,104,1
2382,23,82,105,1
2383,23,83,106,1
2384,23,84,107,1
2385,23,85,108,1
2386,23,86,109,1
2387,23,87,110,2
2388,23,88,111,2
2389,23,89,112,2
2390,23,90,113,1
2391,23,91,114,1
2392,23,92,115,1
2393,23,93,116,1
2394,23,94,117,1
2395,23,95,118,1
2396,23,96,119,1
2397,23,97,120,2
2398,23,98,121,2
2399,23,99,122,2
2400,24,0,24,0
2401,24,1,25,0
2402,24,2,26,0
2403,24,3,27,0
2404,24,4,28,0
2405,24,5,29,0
2406,24,6,30,1
2407,24,7,31,1
2408,24,8,32,1
2409,24,9,33,1
2410,24,10,34,0
2411,24,11,35,0
2412,24,12,36,0
2413,24,13,37,0
2414,24,14,38,0
2415,24,15,39,0
2416,24,16,40,1
2417,24,17,41,1
2418,24,18,42,1
2419,24,19,43,1
2420,24,20,44,0
2421,24,21,45,0
2422,24,22,46,0
2423,24,23,47,0
2424,24,24,48,0
2425,24,25,49,0
2426,24,26,50,1
2427,24,27,51,1
2428,24,28,52,1
2429,24,29,53,1
2430,24,30,54,0
2431,24,31,55,0
2432,24,32,56,0
2433,24,33,57,0
2434,24,34,58,0
2435,24,35,59,0
2436,24,36,60,1
2437,24,37,61,1
2438,24,38,62,1
2439,24,39,63,1
2440,24,40,64,0
2441,24,41,65,0
2442,24,42,66,0
2443,24,43,67,0
2444,24,44,68,0
2445,24,45,69,0
2446,24,46,70,1
2447,24,47,71,1
2448,24,48,72,1
2449,24,49,73,1
2450,24,50,74,0
2451,24,51,75,0
2452,24,52,76,0
2453,24,53,77,0
2454,24,54,78,0
2455,24,55,79,0
2456,24,56,80,1
2457,24,57,81,1
2458,24,58,82,1
2459,24,59,83,1
2460,24,60,84,0
2461,24,61,85,0
2462,24,62,86,0
2463,24,63,87,0
2464,24,64,88,0
2465,24,65,89,0
2466,24,66,90,1
2467,24,67,91,1
2468,24,68,92,1
2469,24,69,93,1
2470,24,70,94,0
2471,24,71,95,0
2472,24,72,96,0
2473,24,73,97,0
2474,24,74,98,0
2475,24,75,99,0
2476,24,76,100,2
2477,24,77,101,2
2478,24,78,102,2
2479,24,79,103,2
2480,24,80,104,1
2481,24,81,105,1
2482,24,82,106,1
2483,24,83,107,1
2484,24,84,108,1
2485,24,85,109,1
2486,24,86,110,2
2487,24,87,111,2
2488,24,88,112,2
2489,24,89,113,2
2490,24,90,114,1
2491,24,91,115,1
2492,24,92,116,1
2493,24,93,117,1
2494,24,94,118,1
2495,24,95,119,1
2496,24,96,120,2
2497,24,97,121,2
2498,24,98,122,2
2499,24,99,123,2
2500,25,0,25,0
2501,25,1,26,0
2502,25,2,27,0
2503,25,3,28,0
2504,25,4,29,0
2505,25,5,30,1
2506,25,6,31,1
2507,25,7,32,1
2508,25,8,33,1
2509,25,9,34,1
2510,25,10,35,0
2511,25,11,36,0
2512,25,12,37,0
2513,25,13,38,0
2514,25,14,39,0
2515,25,15,40,1
2516,25,16,41,1
2517,25,17,42,1
2518,25,18,43,1
2519,25,19,44,1
2520,25,20,45,0
2521,25,21,46,0
2522,25,22,47,0
2523,25,23,48,0
2524,25,24,49,0
2525,25,25,50,1
2526,25,26,51,1
2527,25,27,52,1
2528,25,28,53,1
2529,25,29,54,1
2530,25,30,55,0
2531,25,31,56,0
2532,25,32,57,0
2533,25,33,58,0
2534,25,34,59,0
2535,25,35,60,1
2536,25,36,61,1
2537,25,37,62,1
2538,25,38,63,1
2539,25,39,64,1
2540,25,40,65,0
2541,25,41,66,0
2542,25,42,67,0
2543,25,43,68,0
2544,25,44,69,0
2545,25,45,70,1
2546,25,46,71,1
2547,25,47,72,1
2548,25,48,73,1
2549,25,49,74,1
2550,25,50,75,0
2551,25,51,76,0
2552,25,52,77,0
2553,25,53,78,0
2554,25,54,79,0
2555,25,55,80,1
2556,25,56,81,1
2557,25,57,82,1
2558,25,58,83,1
2559,25,59,84,1
2560,25,60,85,0
2561,25,61,86,0
2562,25,62,87,0
2563,25,63,88,0
2564,25,64,89,0
2565,25,65,90,1
2566,25,66,91,1
2567,25,67,92,1
2568,25,68,93,1
2569,25,69,94,1
2570,25,70,95,0
2571,25,71,96,0
2572,25,72,97,0
2573,25,73,98,0
2574,25,74,99,0
2575,25,75,100,2
2576,25,76,101,2
2577,25,77,102,2
2578,25,78,103,2
2579,25,79,104,2
2580,25,80,105,1
2581,25,81,106,1
2582,25,82,107,1
2583,25,83,108,1
2584,25,84,109,1
2585,25,85,110,2
2586,25,86,111,2
2587,25,87,112,2
2588,25,88,113,2
2589,25,89,114,2
2590,25,90,115,1
2591,25,91,116,1
2592,25,92,117,1
2593,25,93,118,1
2594,25,94,119,1
2595,25,95,120,2
2596,25,96,121,2
2597,25,97,122,2
2598,25,98,123,2
2599,25,99,124,2
2600,26,0,26,0
2601,26,1,27,0
2602,26,2,28,0
2603,26,3,29,0
2604,26,4,30,1
2605,26,5,31,1
2606,26,6,32,1
2607,26,7,33,1
2608,26,8,34,1
2609,26,9,35,1
2610,26,10,36,0
2611,26,11,37,0
2612,26,12,38,0
2613,26,13,39,0
2614,26,14,40,1
2615,26,15,41,1
2616,26,16,42,1
2617,26,17,43,1
2618,26,18,44,1
2619,26,19,45,1
2620,26,20,46,0
2621,26,21,47,0
2622,26,22,48,0
2623,26,23,49,0
2624,26,24,50,1
2625,26,25,51,1
2626,26,26,52,1
2627,26,27,53,1
2628,26,28,54,1
2629,26,29,55,1
2630,26,30,56,0
2631,26,31,57,0
2632,26,32,58,0
2633,26,33,59,0
2634,26,34,60,1
2635,26,35,61,1
2636,26,36,62,1
2637,26,37,63,1
2638,26,38,64,1
2639,26,39,65,1
2640,26,40,66,0
2641,26,41,67,0
2642,26,42,68,0
2643,26,43,69,0
2644,26,44,70,1
2645,26,45,71,1
2646,26,46,72,1
2647,26,47,73,1
2648,26,48,74,1
2649,26,49,75,1
2650,26,50,76,0
2651,26,51,77,0
2652,26,52,78,0
2653,26,53,79,0
2654,26,54,80,1
2655,26,55,81,1
2656,26,56,82,1
2657,26,57,83,1
2658,26,58,84,1
2659,26,59,85,1
2660,26,60,86,0
2661,26,61,87,0
2662,26,62,88,0
2663,26,63,89,0
2664,26,64,90,1
2665,26,65,91,1
2666,26,66,92,1
2667,26,67,93,1
2668,26,68,94,1
2669,26,69,95,1
2670,26,70,96,0
2671,26,71,97,0
2672,26,72,98,0
2673,26,73,99,0
2674,26,74,100,2
2675,26,75,101,2
2676,26,76,102,2
2677,26,77,103,2
2678,26,78,104,2
2679,26,79,105,2
2680,26,80,106,1
2681,26,81,107,1
2682,26,82,108,1
2683,26,83,109,1
2684,26,84,110,2
2685,26,85,111,2
2686,26,86,112,2
2687,26,87,113,2
2688,26,88,114,2
2689,26,89,115,2
2690,26,90,116,1
2691,26,91,117,1
2692,26,92,118,1
2693,26,93,119,1
2694,26,94,120,2
2695,26,95,121,2
2696,26,96,122,2
2697,26,97,123,2
2698,26,98,124,2
2699,26,99,125,2
2700,27,0,27,0
2701,27,1,28,0
2702,27,2,29,0
2703,27,3,30,1
2704,27,4,31,1
2705,27,5,32,1
2706,27,6,33,1
2707,27,7,34,1
2708,27,8,35,1
2709,27,9,36,1
2710,27,10,37,0
2711,27,11,38,0
2712,27,12,39,0
2713,27,13,40,1
2714,27,14,41,1
2715,27,15,42,1
2716,27,16,43,1
2717,27,17,44,1
2718,27,18,45,1
2719,27,19,46,1
2720,27,20,47,0
2721,27,21,48,0
2722,27,22,49,0
2723,27,23,50,1
2724,27,24,51,1
2725,27,25,52,1
2726,27,26,53,1
2727,27,27,54,1
2728,27,28,55,1
2729,27,29,56,1
2730,27,30,57,0
2731,27,31,58,0
2732,27,32,59,0
2733,27,33,60,1
2734,27,34,61,1
2735,27,35,62,1
2736,27,36,63,1
2737,27,37,64,1
2738,27,38,65,1
2739,27,39,66,1
2740,27,40,67,0
2741,27,41,68,0
2742,27,42,69,0
2743,27,43,70,1
2744,27,44,71,1
2745,27,45,72,1
2746,27,46,73,1
2747,27,47,74,1
2748,27,48,75,1
2749,27,49,76,1
2750,27,50,77,0
2751,27,51,78,0
2752,27,52,79,0
2753,27,53,80,1
2754,27,54,81,1
2755,27,55,82,1
2756,27,56,83,1
2757,27,57,84,1
2758,27,58,85,1
2759,27,59,86,1
2760,27,60,87,0
2761,27,61,88,0
2762,27,62,89,0
2763,27,63,90,1
2764,27,64,91,1
2765,27,65,92,1
2766,27,66,93,1
2767,27,67,94,1
2768,27,68,95,1
2769,27,69,96,1
2770,27,70,97,0
2771,27,71,98,0
2772,27,72,99,0
2773,27,73,100,2
2774,27,74,101,2
2775,27,75,102,2
2776,27,76,103,2
2777,27,77,104,2
2778,27,78,105,2
2779,27,79,106,2
2780,27,80,107,1
2781,27,81,108,1
2782,27,82,109,1
2783,27,83,110,2
2784,27,84,111,2
2785,27,85,112,2
2786,27,86,113,2
2787,27,87,114,2
2788,27,88,115,2
2789,27,89,116,2
2790,27,90,117,1
2791,27,91,118,1
2792,27,92,119,1
2793,27,93,120,2
2794,27,94,121,2
2795,27,95,122,2
2796,27,96,123,2
2797,27,97,124,2
2798,27,98,125,2
2799,27,99,126,2
2800,28,0,28,0
2801,28,1,29,0
2802,28,2,30,1
2803,28,3,31,1
2804,28,4,32,1
2805,28,5,33,1
2806,28,6,34,1
2807,28,7,35,1
2808,28,8,36,1
2809,28,9,37,1
2810,28,10,38,0
2811,28,11,39,0
2812,28,12,40,1
2813,28,13,41,1
2814,28,14,42,1
2815,28,15,43,1
2816,28,16,44,1
2817,28,17,45,1
2818,28,18,46,1
2819,28,19,47,1
2820,28,20,48,0
2821,28,21,49,0
2822,28,22,50,1
2823,28,23,51,1
2824,28,24,52,1
2825,28,25,53,1
2826,28,26,54,1
2827,28,27,55,1
2828,28,28,56,1
2829,28,29,57,1
2830,28,30,58,0
2831,28,31,59,0
2832,28,32,60,1
2833,28,33,61,1
2834,28,34,62,1
2835,28,35,63,1
2836,28,36,64,1
2837,28,37,65,1
2838,28,38,66,1
2839,28,39,67,1
2840,28,40,68,0
2841,28,41,69,0
2842,28,42,70,1
2843,28,43,71,1
2844,28,44,72,1
2845,28,45,73,1
2846,28,46,74,1
2847,28,47,75,1
2848,28,48,76,1
2849,28,49,77,1
2850,28,50,78,0
2851,28,51,79,0
2852,28,52,80,1
2853,28,53,81,1
2854,28,54,82,1
2855,28,55,83,1
2856,28,56,84,1
2857,28,57,85,1
2858,28,58,86,1
2859,28,59,87,1
2860,28,60,88,0
2861,28,61,89,0
2862,28,62,90,1
2863,28,63,91,1
2864,28,64,92,1
2865,28,65,93,1
2866,28,66,94,1
2867,28,67,95,1
2868,28,68,96,1
2869,28,69,97,1
2870,28,70,98,0
2871,28,71,99,0
2872,28,72,100,2
2873,28,73,101,2
2874,28,74,102,2
2875,28,75,103,2
2876,28,76,104,2
2877,28,77,105,2
2878,28,78,106,2
2879,28,79,107,2
2880,28,80,108,1
2881,28,81,109,1
2882,28,82,110,2
2883,28,83,111,2
2884,28,84,112,2
2885,28,85,113,2
2886,28,86,114,2
2887,28,87,115,2
2888,28,88,116,2
2889,28,89,117,2
2890,28,90,118,1
2891,28,91,119,1
2892,28,92,120,2
2893,28,93,121,2
2894,28,94,122,2
2895,28,95,123,2
2896,28,96,124,2
2897,28,97,125,2
2898,28,98,126,2
2899,28,99,127,2
2900,29,0,29,0
2901,29,1,30,1
2902,29,2,31,1
2903,29,3,32,1
2904,29,4,33,1
2905,29,5,34,1
2906,29,6,35,1
2907,29,7,36,1
2908,29,8,37,1
2909,29,9,38,1
2910,29,10,39,0
2911,29,11,40,1
2912,29,12,41,1
2913,29,13,42,1
2914,29,14,43,1
2915,29,15,44,1
2916,29,16,45,1
2917,29,17,46,1
2918,29,18,47,1
2919,29,19,48,1
2920,29,20,49,0
2921,29,21,50,1
2922,29,22,51,1
2923,29,23,52,1
2924,29,24,53,1
2925,29,25,54,1
2926,29,26,55,1
2927,29,27,56,1
2928,29,28,57,1
2929,29,29,58,1
2930,29,30,59,0
2931,29,31,60,1
2932,29,32,61,1
2933,29,33,62,1
2934,29,34,63,1
2935,29,35,64,1
2936,29,36,65,1
2937,29,37,66,1
2938,29,38,67,1
2939,29,39,68,1
2940,29,40,69,0
2941,29,41,70,1
2942,29,42,71,1
2943,29,43,72,1
2944,29,44,73,1
2945,29,45,74,1
2946,29,46,75,1
2947,29,47,76,1
2948,29,48,77,1
2949,29,49,78,1
2950,29,50,79,0
2951,29,51,80,1
2952,29,52,81,1
2953,29,53,82,1
2954,29,54,83,1
2955,29,55,84,1
2956,29,56,85,1
2957,29,57,86,1
2958,29,58,87,1
2959,29,59,88,1
2960,29,60,89,0
2961,29,61,90,1
2962,29,62,91,1
2963,29,63,92,1
2964,29,64,93,1
2965,29,65,94,1
2966,29,66,95,1
2967,29,67,96,1
2968,29,68,97,1
2969,29,69,98,1
2970,29,70,99,0
2971,29,71,100,2
2972,29,72,101,2
2973,29,73,102,2
2974,29,74,103,2
2975,29,75,104,2
2976,29,76,105,2
2977,29,77,106,2
2978,29,78,107,2
2979,29,79,108,2
2980,29,80,109,1
2981,29,81,110,2
2982,29,82,111,2
2983,29,83,112,2
2984,29,84,113,2
2985,29,85,114,2
2986,29,86,115,2
2987,29,87,116,2
2988,29,88,117,2
2989,29,89,118,2
2990,29,90,119,1
2991,29,91,120,2
2992,29,92,121,2
2993,29,93,122,2
2994,29,94,123,2
2995,29,95,124,2
2996,29,96,125,2
2997,29,97,126,2
2998,29,98,127,2
2999,29,99,128,2
3000,30,0,30,0
3001,30,1,31,0
3002,30,2,32,0
3003,30,3,33,0
3004,30,4,34,0
3005,30,5,35,0
3006,30,6,36,0
3007,30,7,37,0
3008,30,8,38,0
3009,30,9,39,0
3010,30,10,40,0
3011,30,11,41,0
3012,30,12,42,0
3013,30,13,43,0
3014,30,14,44,0
3015,30,15,45,0
3016,30,16,46,0
3017,30,17,47,0
3018,30,18,48,0
3019,30,19,49,0
3020,30,20,50,0
3021,30,21,51,0
3022,30,22,52,0
3023,30,23,53,0
3024,30,24,54,0
3025,30,25,55,0
3026,30,26,56,0
3027,30,27,57,0
3028,30,28,58,0
3029,30,29,59,0
3030,30,30,60,0
3031,30,31,61,0
3032,30,32,62,0
3033,30,33,63,0
3034,30,34,64,0
3035,30,35,65,0
3036,30,36,66,0
3037,30,37,67,0
3038,30,38,68,0
3039,30,39,69,0
3040,30,40,70,0
3041,30,41,71,0
3042,30,42,72,0
3043,30,43,73,0
3044,30,44,74,0
3045,30,45,75,0
3046,30,46,76,0
3047,30,47,77,0
3048,30,48,78,0
3049,30,49,79,0
3050,30,50,80,0
3051,30,51,81,0
3052,30,52,82,0
3053,30,53,83,0
3054,30,54,84,0
3055,30,55,85,0
3056,30,56,86,0
3057,30,57,87,0
3058,30,58,88,0
3059,30,59,89,0
3060,30,60,90,0
3061,30,61,91,0
3062,30,62,92,0
3063,30,63,93,0
3064,30,64,94,0
3065,30,65,95,0
3066,30,66,96,0
3067,30,67,97,0
3068,30,68,98,0
3069,30,69,99,0
3070,30,70,100,1
3071,30,71,101,1
3072,30,72,102,1
3073,30,73,103,1
3074,30,74,104,1
3075,30,75,105,1
3076,30,76,106,1
3077,30,77,107,1
3078,30,78,108,1
3079,30,79,109,1
3080,30,80,110,1
3081,30,81,111,1
3082,30,82,112,1
3083,30,83,113,1
3084,30,84,114,1
3085,30,85,115,1
3086,30,86,116,1
3087,30,87,117,1
3088,30,88,118,1
3089,30,89,119,1
3090,30,90,120,1
3091,30,91,121,1
3092,30,92,122,1
3093,30,93,123,1
3094,30,94,124,1
3095,30,95,125,1
3096,30,96,126,1
3097,30,97,127,1
3098,30,98,128,1
3099,30,99,129,1
3100,31,0,31,0
3101,31,1,32,0
3102,31,2,33,0
3103,31,3,34,0
3104,31,4,35,0
3105,31,5,36,0
3106,31,6,37,0
3107,31,7,38,0
3108,31,8,39,0
3109,31,9,40,1
3110,31,10,41,0
3111,31,11,42,0
3112,31,12,43,0
3113,31,13,44,0
3114,31,14,45,0
3115,31,15,46,0
3116,31,16,47,0
3117,31,17,48,0
3118,31,18,49,0
3119,31,19,50,1
3120,31,20,51,0
3121,31,21,52,0
3122,31,22,53,0
3123,31,23,54,0
3124,31,24,55,0
3125,31,25,56,0
3126,31,26,57,0
3127,31,27,58,0
3128,31,28,59,0
3129,31,29,60,1
3130,31,30,61,0
3131,31,31,62,0
3132,31,32,63,0
3133,31,33,64,0
3134,31,34,65,0
3135,31,35,66,0
3136,31,36,67,0
3137,31,37,68,0
3138,31,38,69,0
3139,31,39,70,1
3140,31,40,71,0
3141,31,41,72,0
3142,31,42,73,0
3143,31,43,74,0
3144,31,44,75,0
3145,31,45,76,0
3146,31,46,77,0
3147,31,47,78,0
3148,31,48,79,0
3149,31,49,80,1
3150,31,50,81,0
3151,31,51,82,0
3152,31,52,83,0
3153,31,53,84,0
3154,31,54,85,0
3155,31,55,86,0
3156,31,56,87,0
3157,31,57,88,0
3158,31,58,89,0
3159,31,59,90,1
3160,31,60,91,0
3161,31,61,92,0
3162,31,62,93,0
3163,31,63,94,0
3164,31,64,95,0
3165,31,65,96,0
3166,31,66,97,0
3167,31,67,98,0
3168,31,68,99,0
3169,31,69,100,2
3170,31,70,101,1
3171,31,71,102,1
3172,31,72,103,1
3173,31,73,104,1
3174,31,74,105,1
3175,31,75,106,1
3176,31,76,107,1
3177,31,77,108,1
3178,31,78,109,1
3179,31,79,110,2
3180,31,80,111,1
3181,31,81,112,1
3182,31,82,113,1
3183,31,83,114,1
3184,31,84,115,1
3185,31,85,116,1
3186,31,86,117,1
3187,31,87,118,1
3188,31,88,119,1
3189,31,89,120,2
3190,31,90,121,1
3191,31,91,122,1
3192,31,92,123,1
3193,31,93,124,1
3194,31,94,125,1
3195,31,95,126,1
3196,31,96,127,1
3197,31,97,128,1
3198,31,98,129,1
3199,31,99,130,2
3200,32,0,32,0
3201,32,1,33,0
3202,32,2,34,0
3203,32,3,35,0
3204,32,4,36,0
3205,32,5,37,0
3206,32,6,38,0
3207,32,7,39,0
3208,32,8,40,1
3209,32,9,41,1
3210,32,10,42,0
3211,32,11,43,0
3212,32,12,44,0
3213,32,13,45,0
3214,32,14,46,0
3215,32,15,47,0
3216,32,16,48,0
3217,32,17,49,0
3218,32,18,50,1
3219,32,19,51,1
3220,32,20,52,0
3221,32,21,53,0
3222,32,22,54,0
3223,32,23,55,0
3224,32,24,56,0
3225,32,25,57,0
3226,32,26,58,0
3227,32,27,59,0
3228,32,28,60,1
3229,32,29,61,1
3230,32,30,62,0
3231,32,31,63,0
3232,32,32,64,0
3233,32,33,65,0
3234,32,34,66,0
3235,32,35,67,0
3236,32,36,68,0
3237,32,37,69,0
3238,32,38,70,1
3239,32,39,71,1
3240,32,40,72,0
3241,32,41,73,0
3242,32,42,74,0
3243,32,43,75,0
3244,32,44,76,0
3245,32,45,77,0
3246,32,46,78,0
3247,32,47,79,0
3248,32,48,80,1
3249,32,49,81,1
3250,32,50,82,0
3251,32,51,83,0
3252,32,52,84,0
3253,32,53,85,0
3254,32,54,86,0
3255,32,55,87,0
3256,32,56,88,0
3257,32,57,89,0
3258,32,58,90,1
3259,32,59,91,1
3260,32,60,92,0
3261,32,61,93,0
3262,32,62,94,0
3263,32,63,95,0
3264,32,64,96,0
3265,32,65,97,0
3266,32,66,98,0
3267,32,67,99,0
3268,32,68,100,2
3269,32,69,101,2
3270,32,70,102,1
3271,32,71,103,1
3272,32,72,104,1
3273,32,73,105,1
3274,32,74,106,1
3275,32,75,107,1
3276,32,76,108,1
3277,32,77,109,1
3278,32,78,110,2
3279,32,79,111,2
3280,32,80,112,1
3281,32,81,113,1
3282,32,82,114,1
3283,32,83,115,1
3284,32,84,116,1
3285,32,85,117,1
3286,32,86,118,1
3287,32,87,119,1
3288,32,88,120,2
3289,32,89,121,2
3290,32,90,122,1
3291,32,91,123,1
3292,32,92,124,1
3293,32,93,125,1
3294,32,94,126,1
3295,32,95,127,1
3296,32,96,128,1
3297,32,97,129,1
3298,32,98,130,2
3299,32,99,131,2
3300,33,0,33,0
3301,33,1,34,0
3302,33,2,35,0
3303,33,3,36,0
3304,33,4,37,0
3305,33,5,38,0
3306,33,6,39,0
3307,33,7,40,1
3308,33,8,41,1
3309,33,9,42,1
3310,33,10,43,0
3311,33,11,44,0
3312,33,12,45,0
3313,33,13,46,0
3314,33,14,47,0
3315,33,15,48,0
3316,33,16,49,0
3317,33,17,50,1
3318,33,18,51,1
3319,33,19,52,1
3320,33,20,53,0
3321,33,21,54,0
3322,33,22,55,0
3323,33,23,56,0
3324,33,24,57,0
3325,33,25,58,0
3326,33,26,59,0
3327,33,27,60,1
3328,33,28,61,1
3329,33,29,62,1
3330,33,30,63,0
3331,33,31,64,0
3332,33,32,65,0
3333,33,33,66,0
3334,33,34,67,0
3335,33,35,68,0
3336,33,36,69,0
3337,33,37,70,1
3338,33,38,71,1
3339,33,39,72,1
3340,33,40,73,0
3341,33,41,74,0
3342,33,42,75,0
3343,33,43,76,0
3344,33,44,77,0
3345,33,45,78,0
3346,33,46,79,0
3347,33,47,80,1
3348,33,48,81,1
3349,33,49,82,1
3350,33,50,83,0
3351,33,51,84,0
3352,33,52,85,0
3353,33,53,86,0
3354,33,54,87,0
3355,33,55,88,0
3356,33,56,89,0
3357,33,57,90,1
3358,33,58,91,1
3359,33,59,92,1
3360,33,60,93,0
3361,33,61,94,0
3362,33,62,95,0
3363,33,63,96,0
3364,33,64,97,0
3365,33,65,98,0
3366,33,66,99,0
3367,33,67,100,2
3368,33,68,101,2
3369,33,69,102,2
3370,33,70,103,1
3371,33,71,104,1
3372,33,72,105,1
3373,33,73,106,1
3374,33,74,107,1
3375,33,75,108,1
3376,33,76,109,1
3377,33,77,110,2
3378,33,78,111,2
3379,33,79,112,2
3380,33,80,113,1
3381,33,81,114,1
3382,33,82,115,1
3383,33,83,116,1
3384,33,84,117,1
3385,33,85,118,1
3386,33,86,119,1
3387,33,87,120,2
3388,33,88,121,2
3389,33,89,122,2
3390,33,90,123,1
3391,33,91,124,1
3392,33,92,125,1
3393,33,93,126,1
3394,33,94,127,1
3395,33,95,128,1
3396,33,96,129,1
3397,33,97,130,2
3398,33,98,131,2
3399,33,99,132,2
3400,34,0,34,0
3401,34,1,35,0
3402,34,2,36,0
3403,34,3,37,0
3404,34,4,38,0
3405,34,5,39,0
3406,34,6,40,1
3407,34,7,41,1
3408,34,8,42,1
3409,34,9,43,1
3410,34,10,44,0
3411,34,11,45,0
3412,34,12,46,0
3413,34,13,47,0
3414,34,14,48,0
3415,34,15,49,0
3416,34,16,50,1
3417,34,17,51,1
3418,34,18,52,1
3419,34,19,53,1
3420,34,20,54,0
3421,34,21,55,0
3422,34,22,56,0
3423,34,23,57,0
3424,34,24,58,0
3425,34,25,59,0
3426,34,26,60,1
3427,34,27,61,1
3428,34,28,62,1
3429,34,29,63,1
3430,34,30,64,0
3431,34,31,65,0
3432,34,32,66,0
3433,34,33,67,0
3434,34,34,68,0
3435,34,35,69,0
3436,34,36,70,1
3437,34,37,71,1
3438,34,38,72,1
3439,34,39,73,1
3440,34,40,74,0
3441,34,41,75,0
3442,34,42,76,0
3443,34,43,77,0
3444,34,44,78,0
3445,34,45,79,0
3446,34,46,80,1
3447,34,47,81,1
3448,34,48,82,1
3449,34,49,83,1
3450,34,50,84,0
3451,34,51,85,0
3452,34,52,86,0
3453,34,53,87,0
3454,34,54,88,0
3455,34,55,89,0
3456,34,56,90,1
3457,34,57,91,1
3458,34,58,92,1
3459,34,59,93,1
3460,34,60,94,0
3461,34,61,95,0
3462,34,62,96,0
3463,34,63,97,0
3464,34,64,98,0
3465,34,65,99,0
3466,34,66,100,2
3467,34,67,101,2
3468,34,68,102,2
3469,34,69,103,2
3470,34,70,104,1
3471,34,71,105,1
3472,34,72,106,1
3473,34,73,107,1
3474,34,74,108,1
3475,34,75,109,1
3476,34,76,110,2
3477,34,77,111,2
3478,34,78,112,2
3479,34,79,113,2
3480,34,80,114,1
3481,34,81,115,1
3482,34,82,116,1
3483,34,83,117,1
3484,34,84,118,1
3485,34,85,119,1
3486,34,86,120,2
3487,34,87,121,2
3488,34,88,122,2
3489,34,89,123,2
3490,34,90,124,1
3491,34,91,125,1
3492,34,92,126,1
3493,34,93,127,1
3494,34,94,128,1
3495,34,95,129,1
3496,34,96,130,2
3497,34,97,131,2
3498,34,98,132,2
3499,34,99,133,2
3500,35,0,35,0
3501,35,1,36,0
3502,35,2,37,0
3503,35,3,38,0
3504,35,4,39,0
3505,35,5,40,1
3506,35,6,41,1
3507,35,7,42,1
3508,35,8,43,1
3509,35,9,44,1
3510,35,10,45,0
3511,35,11,46,0
3512,35,12,47,0
3513,35,13,48,0
3514,35,14,49,0
3515,35,15,50,1
3516,35,16,51,1
3517,35,17,52,1
3518,35,18,53,1
3519,35,19,54,1
3520,35,20,55,0
3521,35,21,56,0
3522,35,22,57,0
3523,35,23,58,0
3524,35,24,59,0
3525,35,25,60,1
3526,35,26,61,1
3527,35,27,62,1
3528,35,28,63,1
3529,35,29,64,1
3530,35,30,65,0
3531,35,31,66,0
3532,35,32,67,0
3533,35,33,68,0
3534,35,34,69,0
3535,35,35,70,1
3536,35,36,71,1
3537,35,37,72,1
3538,35,38,73,1
3539,35,39,74,1
3540,35,40,75,0
3541,35,41,76,0
3542,35,42,77,0
3543,35,43,78,0
3544,35,44,79,0
3545,35,45,80,1
3546,35,46,81,1
3547,35,47,82,1
3548,35,48,83,1
3549,35,49,84,1
3550,35,50,85,0
3551,35,51,86,0
3552,35,52,87,0
3553,35,53,88,0
3554,35,54,89,0
3555,35,55,90,1
3556,35,56,91,1
3557,35,57,92,1
3558,35,58,93,1
3559,35,59,94,1
3560,35,60,95,0
3561,35,61,96,0
3562,35,62,97,0
3563,35,63,98,0
3564,35,64,99,0
3565,35,65,100,2
3566,35,66,101,2
3567,35,67,102,2
3568,35,68,103,2
3569,35,69,104,2
3570,35,70,105,1
3571,35,71,106,1
3572,35,72,107,1
3573,35,73,108,1
3574,35,74,109,1
3575,35,75,110,2
3576,35,76,111,2
3577,35,77,112,2
3578,35,78,113,2
3579,35,79,114,2
3580,35,80,115,1
3581,35,81,116,1
3582,35,82,117,1
3583,35,83,118,1
3584,35,84,119,1
3585,35,85,120,2
3586,35,86,121,2
3587,35,87,122,2
3588,35,88,123,2
3589,35,89,124,2
3590,35,90,125,1
3591,35,91,126,1
3592,35,92,127,1
3593,35,93,128,1
3594,35,94,129,1
3595,35,95,130,2
3596,35,96,131,2
3597,35,97,132,2
3598,35,98,133,2
3599,35,99,134,2
3600,36,0,36,0
3601,36,1,37,0
3602,36,2,38,0
3603,36,3,39,0
3604,36,4,40,1
3605,36,5,41,1
3606,36,6,42,1
3607,36,7,43,1
3608,36,8,44,1
3609,36,9,45,1
3610,36,10,46,0
3611,36,11,47,0
3612,36,12,48,0
3613,36,13,49,0
3614,36,14,50,1
3615,36,15,51,1
3616,36,16,52,1
3617,36,17,53,1
3618,36,18,54,1
3619,36,19,55,1
3620,36,20,56,0
3621,36,21,57,0
3622,36,22,58,0
3623,36,23,59,0
3624,36,24,60,1
3625,36,25,61,1
3626,36,26,62,1
3627,36,27,63,1
3628,36,28,64,1
3629,36,29,65,1
3630,36,30,66,0
3631,36,31,67,0
3632,36,32,68,0
3633,36,33,69,0
3634,36,34,70,1
3635,36,35,71,1
3636,36,36,72,1
3637,36,37,73,1
3638,36,38,74,1
3639,36,39,75,1
3640,36,40,76,0
3641,36,41,77,0
3642,36,42,78,0
3643,36,43,79,0
3644,36,44,80,1
3645,36,45,81,1
3646,36,46,82,1
3647,36,47,83,1
3648,36,48,84,1
3649,36,49,85,1
3650,36,50,86,0
3651,36,51,87,0
3652,36,52,88,0
3653,36,53,89,0
3654,36,54,90,1
3655,36,55,91,1
3656,36,56,92,1
3657,36,57,93,1
3658,36,58,94,1
3659,36,59,95,1
3660,36,60,96,0
3661,36,61,97,0
3662,36,62,98,0
3663,36,63,99,0
3664,36,64,100,2
3665,36,65,101,2
3666,36,66,102,2
3667,36,67,103,2
3668,36,68,104,2
3669,36,69,105,2
3670,36,70,106,1
3671,36,71,107,1
3672,36,72,108,1
3673,36,73,109,1
3674,36,74,110,2
3675,36,75,111,2
3676,36,76,112,2
3677,36,77,113,2
3678,36,78,114,2
3679,36,79,115,2
3680,36,80,116,1
3681,36,81,117,1
3682,36,82,118,1
3683,36,83,119,1
3684,36,84,120,2
3685,36,85,121,2
3686,36,86,122,2
3687,36,87,123,2
3688,36,88,124,2
3689,36,89,125,2
3690,36,90,126,1
3691,36,91,127,1
3692,36,92,128,1
3693,36,93,129,1
3694,36,94,130,2
3695,36,95,131,2
3696,36,96,132,2
3697,36,97,133,2
3698,36,98,134,2
3699,36,99,135,2
3700,37,0,37,0
3701,37,1,38,0
3702,37,2,39,0
3703,37,3,40,1
3704,37,4,41,1
3705,37,5,42,1
3706,37,6,43,1
3707,37,7,44,1
3708,37,8,45,1
3709,37,9,46,1
3710,37,10,47,0
3711,37,11,48,0
3712,37,12,49,0
3713,37,13,50,1
3714,37,14,51,1
3715,37,15,52,1
3716,37,16,53,1
3717,37,17,54,1
3718,37,18,55,1
3719,37,19,56,1
3720,37,20,57,0
3721,37,21,58,0
3722,37,22,59,0
3723,37,23,60,1
3724,37,24,61,1
3725,37,25,62,1
3726,37,26,63,1
3727,37,27,64,1
3728,37,28,65,1
3729,37,29,66,1
3730,37,30,67,0
3731,37,31,68,0
3732,37,32,69,0
3733,37,33,70,1
3734,37,34,71,1
3735,37,35,72,1
3736,37,36,73,1
3737,37,37,74,1
3738,37,38,75,1
3739,37,39,76,1
3740,37,40,77,0
3741,37,41,78,0
3742,37,42,79,0
3743,37,43,80,1
3744,37,44,81,1
3745,37,45,82,1
3746,37,46,83,1
3747,37,47,84,1
3748,37,48,85,1
3749,37,49,86,1
3750,37,50,87,0
3751,37,51,88,0
3752,37,52,89,0
3753,37,53,90,1
3754,37,54,91,1
3755,37,55,92,1
3756,37,56,93,1
3757,37,57,94,1
3758,37,58,95,1
3759,37,59,96,1
3760,37,60,97,0
3761,37,61,98,0
3762,37,62,99,0
3763,37,63,100,2
3764,37,64,101,2
3765,37,65,102,2
3766,37,66,103,2
3767,37,67,104,2
3768,37,68,105,2
3769,37,69,106,2
3770,37,70,107,1
3771,37,71,108,1
3772,37,72,109,1
3773,37,73,110,2
3774,37,74,111,2
3775,37,75,112,2
3776,37,76,113,2
3777,37,77,114,2
3778,37,78,115,2
3779,37,79,116,2
3780,37,80,117,1
3781,37,81,118,1
3782,37,82,119,1
3783,37,83,120,2
3784,37,84,121,2
3785,37,85,122,2
3786,37,86,123,2
3787,37,87,124,2
3788,37,88,125,2
3789,37,89,126,2
3790,37,90,127,1
3791,37,91,128,1
3792,37,92,129,1
3793,37,93,130,2
3794,37,94,131,2
3795,37,95,132,2
3796,37,96,133,2
3797,37,97,134,2
3798,37,98,135,2
3799,37,99,136,2
3800,38,0,38,0
3801,38,1,39,0
3802,38,2,40,1
3803,38,3,41,1
3804,38,4,42,1
3805,38,5,43,1
3806,38,6,44,1
3807,38,7,45,1
3808,38,8,46,1
3809,38,9,47,1
3810,38,10,48,0
3811,38,11,49,0
3812,38,12,50,1
3813,38,13,51,1
3814,38,14,52,1
3815,38,15,53,1
3816,38,16,54,1
3817,38,17,55,1
3818,38,18,56,1
3819,38,19,57,1
3820,38,20,58,0
3821,38,21,59,0
3822,38,22,60,1
3823,38,23,61,1
3824,38,24,62,1
3825,38,25,63,1
3826,38,26,64,1
3827,38,27,65,1
3828,38,28,66,1
3829,38,29,67,1
3830,38,30,68,0
3831,38,31,69,0
3832,38,32,70,1
3833,38,33,71,1
3834,38,34,72,1
3835,38,35,73,1
3836,38,36,74,1
3837,38,37,75,1
3838,38,38,76,1
3839,38,39,77,1
3840,38,40,78,0
3841,38,41,79,0
3842,38,42,80,1
3843,38,43,81,1
3844,38,44,82,1
3845,38,45,83,1
3846,38,46,84,1
3847,38,47,85,1
3848,38,48,86,1
3849,38,49,87,1
3850,38,50,88,0
3851,38,51,89,0
3852,38,52,90,1
3853,38,53,91,1
3854,38,54,92,1
3855,38,55,93,1
3856,38,56,94,1
3857,38,57,95,1
3858,38,58,96,1
3859,38,59,97,1
3860,38,60,98,0
3861,38,61,99,0
3862,38,62,100,2
3863,38,63,101,2
3864,38,64,102,2
3865,38,65,103,2
3866,38,66,104,2
3867,38,67,105,2
3868,38,68,106,2
3869,38,69,107,2
3870,38,70,108,1
3871,38,71,109,1
3872,38,72,110,2
3873,38,73,111,2
3874,38,74,112,2
3875,38,75,113,2
3876,38,76,114,2
3877,38,77,115,2
3878,38,78,116,2
3879,38,79,117,2
3880,38,80,118,1
3881,38,81,119,1
3882,38,82,120,2
3883,38,83,121,2
3884,38,84,122,2
3885,38,85,123,2
3886,38,86,124,2
3887,38,87,125,2
3888,38,88,126,2
3889,38,89,127,2
3890,38,90,128,1
3891,38,91,129,1
3892,38,92,130,2
3893,38,93,131,2
3894,38,94,132,2
3895,38,95,133,2
3896,38,96,134,2
3897,38,97,135,2
3898,38,98,136,2
3899,38,99,137,2
3900,39,0,39,0
3901,39,1,40,1
3902,39,2,41,1
3903,39,3,42,1
3904,39,4,43,1
3905,39,5,44,1
3906,39,6,45,1
3907,39,7,46,1
3908,39,8,47,1
3909,39,9,48,1
3910,39,10,49,0
3911,39,11,50,1
3912,39,12,51,1
3913,39,13,52,1
3914,39,14,53,1
3915,39,15,54,1
3916,39,16,55,1
3917,39,17,56,1
3918,39,18,57,1
3919,39,19,58,1
3920,39,20,59,0
3921,39,21,60,1
3922,39,22,61,1
3923,39,23,62,1
3924,39,24,63,1
3925,39,25,64,1
3926,39,26,65,1
3927,39,27,66,1
3928,39,28,67,1
3929,39,29,68,1
3930,39,30,69,0
3931,39,31,70,1
3932,39,32,71,1
3933,39,33,72,1
3934,39,34,73,1
3935,39,35,74,1
3936,39,36,75,1
3937,39,37,76,1
3938,39,38,77,1
3939,39,39,78,1
3940,39,40,79,0
3941,39,41,80,1
3942,39,42,81,1
3943,39,43,82,1
3944,39,44,83,1
3945,39,45,84,1
3946,39,46,85,1
3947,39,47,86,1
3948,39,48,87,1
3949,39,49,88,1
3950,39,50,89,0
3951,39,51,90,1
3952,39,52,91,1
3953,39,53,92,1
3954,39,54,93,1
3955,39,55,94,1
3956,39,56,95,1
3957,39,57,96,1
3958,39,58,97,1
3959,39,59,98,1
3960,39,60,99,0
3961,39,61,100,2
3962,39,62,101,2
3963,39,63,102,2
3964,39,64,103,2
3965,39,65,104,2
3966,39,66,105,2
3967,39,67,106,2
3968,39,68,107,2
3969,39,69,108,2
3970,39,70,109,1
3971,39,71,110,2
3972,39,72,111,2
3973,39,73,112,2
3974,39,74,113,2
3975,39,75,114,2
3976,39,76,115,2
3977,39,77,116,2
3978,39,78,117,2
3979,39,79,118,2
3980,39,80,119,1
3981,39,81,120,2
3982,39,82,121,2
3983,39,83,122,2
3984,39,84,123,2
3985,39,85,124,2
3986,39,86,125,2
3987,39,87,126,2
3988,39,88,127,2
3989,39,89,128,2
3990,39,90,129,1
3991,39,91,130,2
3992,39,92,131,2
3993,39,93,132,2
3994,39,94,133,2
3995,39,95,134,2
3996,39,96,135,2
3997,39,97,136,2
3998,39,98,137,2
3999,39,99,138,2
4000,40,0,40,0
4001,40,1,41,0
4002,40,2,42,0
4003,40,3,43,0
4004,40,4,44,0
4005,40,5,45,0
4006,40,6,46,0
4007,40,7,47,0
4008,40,8,48,0
4009,40,9,49,0
4010,40,10,50,0
4011,40,11,51,0
4012,40,12,52,0
4013,40,13,53,0
4014,40,14,54,0
4015,40,15,55,0
4016,40,16,56,0
4017,40,17,57,0
4018,40,18,58,0
4019,40,19,59,0
4020,40,20,60,0
4021,40,21,61,0
4022,40,22,62,0
4023,40,23,63,0
4024,40,24,64,0
4025,40,25,65,0
4026,40,26,66,0
4027,40,27,67,0
4028,40,28,68,0
4029,40,29,69,0
4030,40,30,70,0
4031,40,31,71,0
4032,40,32,72,0
4033,40,33,73,0
4034,40,34,74,0
4035,40,35,75,0
4036,40,36,76,0
4037,40,37,77,0
4038,40,38,78,0
4039,40,39,79,0
4040,40,40,80,0
4041,40,41,81,0
4042,40,42,82,0
4043,40,43,83,0
4044,40,44,84,0
4045,40,45,85,0
4046,40,46,86,0
4047,40,47,87,0
4048,40,48,88,0
4049,40,49,89,0
4050,40,50,90,0
4051,40,51,91,0
4052,40,52,92,0
4053,40,53,93,0
4054,40,54,94,0
4055,40,55,95,0
4056,40,56,96,0
4057,40,57,97,0
4058,40,58,98,0
4059,40,59,99,0
4060,40,60,100,1
4061,40,61,101,1
4062,40,62,102,1
4063,40,63,103,1
4064,40,64,104,1
4065,40,65,105,1
4066,40,66,106,1
4067,40,67,107,1
4068,40,68,108,1
4069,40,69,109,1
4070,40,70,110,1
4071,40,71,111,1
4072,40,72,112,1
4073,40,73,113,1
4074,40,74,114,1
4075,40,75,115,1
4076,40,76,116,1
4077,40,77,117,1
4078,40,78,118,1
4079,40,79,119,1
4080,40,80,120,1
4081,40,81,121,1
4082,40,82,122,1
4083,40,83,123,1
4084,40,84,124,1
4085,40,85,125,1
4086,40,86,126,1
4087,40,87,127,1
4088,40,88,128,1
4089,40,89,129,1
4090,40,90,130,1
4091,40,91,131,1
4092,40,92,132,1
4093,40,93,133,1
4094,40,94,134,1
4095,40,95,135,1
4096,40,96,136,1
4097,40,97,137,1
4098,40,98,138,1
4099,40,99,139,1
4100,41,0,41,0
4101,41,1,42,0
4102,41,2,43,0
4103,41,3,44,0
4104,41,4,45,0
4105,41,5,46,0
4106,41,6,47,0
4107,41,7,48,0
4108,41,8,49,0
4109,41,9,50,1
4110,41,10,51,0
4111,41,11,52,0
4112,41,12,53,0
4113,41,13,54,0
4114,41,14,55,0
4115,41,15,56,0
4116,41,16,57,0
4117,41,17,58,0
4118,41,18,59,0
4119,41,19,60,1
4120,41,20,61,0
4121,41,21,62,0
4122,41,22,63,0
4123,41,23,64,0
4124,41,24,65,0
4125,41,25,66,0
4126,41,26,67,0
4127,41,27,68,0
4128,41,28,69,0
4129,41,29,70,1
4130,41,30,71,0
4131,41,31,72,0
4132,41,32,73,0
4133,41,33,74,0
4134,41,34,75,0
4135,41,35,76,0
4136,41,36,77,0
4137,41,37,78,0
4138,41,38,79,0
4139,41,39,80,1
4140,41,40,81,0
4141,41,41,82,0
4142,41,42,83,0
4143,41,43,84,0
4144,41,44,85,0
4145,41,45,86,0
4146,41,46,87,0
4147,41,47,88,0
4148,41,48,89,0
4149,41,49,90,1
4150,41,50,91,0
4151,41,51,92,0
4152,41,52,93,0
4153,41,53,94,0
4154,41,54,95,0
4155,41,55,96,0
4156,41,56,97,0
4157,41,57,98,0
4158,41,58,99,0
4159,41,59,100,2
4160,41,60,101,1
4161,41,61,102,1
4162,41,62,103,1
4163,41,63,104,1
4164,41,64,105,1
4165,41,65,106,1
4166,41,66,107,1
4167,41,67,108,1
4168,41,68,109,1
4169,41,69,110,2
4170,41,70,111,1
4171,41,71,112,1
4172,41,72,113,1
4173,41,73,114,1
4174,41,74,115,1
4175,41,75,116,1
4176,41,76,117,1
4177,41,77,118,1
4178,41,78,119,1
4179,41,79,120,2
4180,41,80,121,1
4181,41,81,122,1
4182,41,82,123,1
4183,41,83,124,1
4184,41,84,125,1
4185,41,85,126,1
4186,41,86,127,1
4187,41,87,128,1
4188,41,88,129,1
4189,41,89,130,2
4190,41,90,131,1
4191,41,91,132,1
4192,41,92,133,1
4193,41,93,134,1
4194,41,94,135,1
4195,41,95,136,1
4196,41,96,137,1
4197,41,97,138,1
4198,41,98,139,1
4199,41,99,140,2
4200,42,0,42,0
4201,42,1,43,0
4202,42,2,44,0
4203,42,3,45,0
4204,42,4,46,0
4205,42,5,47,0
4206,42,6,48,0
4207,42,7,49,0
4208,42,8,50,1
4209,42,9,51,1
4210,42,10,52,0
4211,42,11,53,0
4212,42,12,54,0
4213,42,13,55,0
4214,42,14,56,0
4215,42,15,57,0
4216,42,16,58,0
4217,42,17,59,0
4218,42,18,60,1
4219,42,19,61,1
4220,42,20,62,0
4221,42,21,63,0
4222,42,22,64,0
4223,42,23,65,0
4224,42,24,66,0
4225,42,25,67,0
4226,42,26,68,0
4227,42,27,69,0
4228,42,28,70,1
4229,42,29,71,1
4230,42,30,72,0
4231,42,31,73,0
4232,42,32,74,0
4233,42,33,75,0
4234,42,34,76,0
4235,42,35,77,0
4236,42,36,78,0
4237,42,37,79,0
4238,42,38,80,1
4239,42,39,81,1
4240,42,40,82,0
4241,42,41,83,0
4242,42,42,84,0
4243,42,43,85,0
4244,42,44,86,0
4245,42,45,87,0
4246,42,46,88,0
4247,42,47,89,0
4248,42,48,90,1
4249,42,49,91,1
4250,42,50,92,0
4251,42,51,93,0
4252,42,52,94,0
4253,42,53,95,0
4254,42,54,96,0
4255,42,55,97,0
4256,42,56,98,0
4257,42,57,99,0
4258,42,58,100,2
4259,42,59,101,2
4260,42,60,102,1
4261,42,61,103,1
4262,42,62,104,1
4263,42,63,105,1
4264,42,64,106,1
4265,42,65,107,1
4266,42,66,108,1
4267,42,67,109,1
4268,42,68,110,2
4269,42,69,111,2
4270,42,70,112,1
4271,42,71,113,1
4272,42,72,114,1
4273,42,73,115,1
4274,42,74,116,1
4275,42,75,117,1
4276,42,76,118,1
4277,42,77,119,1
4278,42,78,120,2
4279,42,79,121,2
4280,42,80,122,1
4281,42,81,123,1
4282,42,82,124,1
4283,42,83,125,1
4284,42,84,126,1
4285,42,85,127,1
4286,42,86,128,1
4287,42,87,129,1
4288,42,88,130,2
4289,42,89,131,2
4290,42,90,132,1
4291,42,91,133,1
4292,42,92,134,1
4293,42,93,135,1
4294,42,94,136,1
4295,42,95,137,1
4296,42,96,138,1
4297,42,97,139,1
4298,42,98,140,2
4299,42,99,141,2
4300,43,0,43,0
4301,43,1,44,0
4302,43,2,45,0
4303,43,3,46,0
4304,43,4,47,0
4305,43,5,48,0
4306,43,6,49,0
4307,43,7,50,1
4308,43,8,51,1
4309,43,9,52,1
4310,43,10,53,0
4311,43,11,54,0
4312,43,12,55,0
4313,43,13,56,0
4314,43,14,57,0
4315,43,15,58,0
4316,43,16,59,0
4317,43,17,60,1
4318,43,18,61,1
4319,43,19,62,1
4320,43,20,63,0
4321,43,21,64,0
4322,43,22,65,0
4323,43,23,66,0
4324,43,24,67,0
4325,43,25,68,0
4326,43,26,69,0
4327,43,27,70,1
4328,43,28,71,1
4329,43,29,72,1
4330,43,30,73,0
4331,43,31,74,0
4332,43,32,75,0
4333,43,33,76,0
4334,43,34,77,0
4335,43,35,78,0
4336,43,36,79,0
4337,43,37,80,1
4338,43,38,81,1
4339,43,39,82,1
4340,43,40,83,0
4341,43,41,84,0
4342,43,42,85,0
4343,43,43,86,0
4344,43,44,87,0
4345,43,45,88,0
4346,43,46,89,0
4347,43,47,90,1
4348,43,48,91,1
4349,43,49,92,1
4350,43,50,93,0
4351,43,51,94,0
4352,43,52,95,0
4353,43,53,96,0
4354,43,54,97,0
4355,43,55,98,0
4356,43,56,99,0
4357,43,57,100,2
4358,43,58,101,2
4359,43,59,102,2
4360,43,60,103,1
4361,43,61,104,1
4362,43,62,105,1
4363,43,63,106,1
4364,43,64,107,1
4365,43,65,108,1
4366,43,66,109,1
4367,43,67,110,2
4368,43,68,111,2
4369,43,69,112,2
4370,43,70,113,1
4371,43,71,114,1
4372,43,72,115,1
4373,43,73,116,1
4374,43,74,117,1
4375,43,75,118,1
4376,43,76,119,1
4377,43,77,120,2
4378,43,78,121,2
4379,43,79,122,2
4380,43,80,123,1
4381,43,81,124,1
4382,43,82,125,1
4383,43,83,126,1
4384,43,84,127,1
4385,43,85,128,1
4386,43,86,129,1
4387,43,87,130,2
4388,43,88,131,2
4389,43,89,132,2
4390,43,90,133,1
4391,43,91,134,1
4392,43,92,135,1
4393,43,93,136,1
4394,43,94,137,1
4395,43,95,138,1
4396,43,96,139,1
4397,43,97,140,2
4398,43,98,141,2
4399,43,99,142,2
4400,44,0,44,0
4401,44,1,45,0
4402,44,2,46,0
4403,44,3,47,0
4404,44,4,48,0
4405,44,5,49,0
4406,44,6,50,1
4407,44,7,51,1
4408,44,8,52,1
4409,44,9,53,1
4410,44,10,54,0
4411,44,11,55,0
4412,44,12,56,0
4413,44,13,57,0
4414,44,14,58,0
4415,44,15,59,0
4416,44,16,60,1
4417,44,17,61,1
4418,44,18,62,1
4419,44,19,63,1
4420,44,20,64,0
4421,44,21,65,0
4422,44,22,66,0
4423,44,23,67,0
4424,44,24,68,0
4425,44,25,69,0
4426,44,26,70,1
4427,44,27,71,1
4428,44,28,72,1
4429,44,29,73,1
4430,44,30,74,0
4431,44,31,75,0
4432,44,32,76,0
4433,44,33,77,0
4434,44,34,78,0
4435,44,35,79,0
4436,44,36,80,1
4437,44,37,81,1
4438,44,38,82,1
4439,44,39,83,1
4440,44,40,84,0
4441,44,41,85,0
4442,44,42,86,0
4443,44,43,87,0
4444,44,44,88,0
4445,44,45,89,0
4446,44,46,90,1
4447,44,47,91,1
4448,44,48,92,1
4449,44,49,93,1
4450,44,50,94,0
4451,44,51,95,0
4452,44,52,96,0
4453,44,53,97,0
4454,44,54,98,0
4455,44,55,99,0
4456,44,56,100,2
4457,44,57,101,2
4458,44,58,102,2
4459,44,59,103,2
4460,44,60,104,1
4461,44,61,105,1
4462,44,62,106,1
4463,44,63,107,1
4464,44,64,108,1
4465,44,65,109,1
4466,44,66,110,2
4467,44,67,111,2
4468,44,68,112,2
4469,44,69,113,2
4470,44,70,114,1
4471,44,71,115,1
4472,44,72,116,1
4473,44,73,117,1
4474,44,74,118,1
4475,44,75,119,1
4476,44,76,120,2
4477,44,77,121,2
4478,44,78,122,2
4479,44,79,123,2
4480,44,80,124,1
4481,44,81,125,1
4482,44,82,126,1
4483,44,83,127,1
4484,44,84,128,1
4485,44,85,129,1
4486,44,86,130,2
4487,44,87,131,2
4488,44,88,132,2
4489,44,89,133,2
4490,44,90,134,1
4491,44,91,135,1
4492,44,92,136,1
4493,44,93,137,1
4494,44,94,138,1
4495,44,95,139,1
4496,44,96,140,2
4497,44,97,141,2
4498,44,98,142,2
4499,44,99,143,2
4500,45,0,45,0
4501,45,1,46,0
4502,45,2,47,0
4503,45,3,48,0
4504,45,4,49,0
4505,45,5,50,1
4506,45,6,51,1
4507,45,7,52,1
4508,45,8,53,1
4509,45,9,54,1
4510,45,10,55,0
4511,45,11,56,0
4512,45,12,57,0
4513,45,13,58,0
4514,45,14,59,0
4515,45,15,60,1
4516,45,16,61,1
4517,45,17,62,1
4518,45,18,63,1
4519,45,19,64,1
4520,45,20,65,0
4521,45,21,66,0
4522,45,22,67,0
4523,45,23,68,0
4524,45,24,69,0
4525,45,25,70,1
4526,45,26,71,1
4527,45,27,72,1
4528,45,28,73,1
4529,45,29,74,1
4530,45,30,75,0
4531,45,31,76,0
4532,45,32,77,0
4533,45,33,78,0
4534,45,34,79,0
4535,45,35,80,1
4536,45,36,81,1
4537,45,37,82,1
4538,45,38,83,1
4539,45,39,84,1
4540,45,40,85,0
4541,45,41,86,0
4542,45,42,87,0
4543,45,43,88,0
4544,45,44,89,0
4545,45,45,90,1
4546,45,46,91,1
4547,45,47,92,1
4548,45,48,93,1
4549,45,49,94,1
4550,45,50,95,0
4551,45,51,96,0
4552,45,52,97,0
4553,45,53,98,0
4554,45,54,99,0
4555,45,55,100,2
4556,45,56,101,2
4557,45,57,102,2
4558,45,58,103,2
4559,45,59,104,2
4560,45,60,105,1
4561,45,61,106,1
4562,45,62,107,1
4563,45,63,108,1
4564,45,64,109,1
4565,45,65,110,2
4566,45,66,111,2
4567,45,67,112,2
4568,45,68,113,2
4569,45,69,114,2
4570,45,70,115,1
4571,45,71,116,1
4572,45,72,117,1
4573,45,73,118,1
4574,45,74,119,1
4575,45,75,120,2
4576,45,76,121,2
4577,45,77,122,2
4578,45,78,123,2
4579,45,79,124,2
4580,45,80,125,1
4581,45,81,126,1
4582,45,82,127,1
4583,45,83,128,1
4584,45,84,129,1
4585,45,85,130,2
4586,45,86,131,2
4587,45,87,132,2
4588,45,88,133,2
4589,45,89,134,2
4590,45,90,135,1
4591,45,91,136,1
4592,45,92,137,1
4593,45,93,138,1
4594,45,94,139,1
4595,45,95,140,2
4596,45,96,141,2
4597,45,97,142,2
4598,45,98,143,2
4599,45,99,144,2
4600,46,0,46,0
4601,46,1,47,0
4602,46,2,48,0
4603,46,3,49,0
4604,46,4,50,1
4605,46,5,51,1
4606,46,6,52,1
4607,46,7,53,1
4608,46,8,54,1
4609,46,9,55,1
4610,46,10,56,0
4611,46,11,57,0
4612,46,12,58,0
4613,46,13,59,0
4614,46,14,60,1
4615,46,15,61,1
4616,46,16,62,1
4617,46,17,63,1
4618,46,18,64,1
4619,46,19,65,1
4620,46,20,66,0
4621,46,21,67,0
4622,46,22,68,0
4623,46,23,69,0
4624,46,24,70,1
4625,46,25,71,1
4626,46,26,72,1
4627,46,27,73,1
4628,46,28,74,1
4629,46,29,75,1
4630,46,30,76,0
4631,46,31,77,0
4632,46,32,78,0
4633,46,33,79,0
4634,46,34,80,1
4635,46,35,81,1
4636,46,36,82,1
4637,46,37,83,1
4638,46,38,84,1
4639,46,39,85,1
4640,46,40,86,0
4641,46,41,87,0
4642,46,42,88,0
4643,46,43,89,0
4644,46,44,90,1
4645,46,45,91,1
4646,46,46,92,1
4647,46,47,93,1
4648,46,48,94,1
4649,46,49,95,1
4650,46,50,96,0
4651,46,51,97,0
4652,46,52,98,0
4653,46,53,99,0
4654,46,54,100,2
4655,46,55,101,2
4656,46,56,102,2
4657,46,57,103,2
4658,46,58,104,2
4659,46,59,105,2
4660,46,60,106,1
4661,46,61,107,1
4662,46,62,108,1
4663,46,63,109,1
4664,46,64,110,2
4665,46,65,111,2
4666,46,66,112,2
4667,46,67,113,2
4668,46,68,114,2
4669,46,69,115,2
4670,46,70,116,1
4671,46,71,117,1
4672,46,72,118,1
4673,46,73,119,1
4674,46,74,120,2
4675,46,75,121,2
4676,46,76,122,2
4677,46,77,123,2
4678,46,78,124,2
4679,46,79,125,2
4680,46,80,126,1
4681,46,81,127,1
4682,46,82,128,1
4683,46,83,129,1
4684,46,84,130,2
4685,46,85,131,2
4686,46,86,132,2
4687,46,87,133,2
4688,46,88,134,2
4689,46,89,135,2
4690,46,90,136,1
4691,46,91,137,1
4692,46,92,138,1
4693,46,93,139,1
4694,46,94,140,2
4695,46,95,141,2
4696,46,96,142,2
4697,46,97,143,2
4698,46,98,144,2
4699,46,99,145,2
4700,47,0,47,0
4701,47,1,48,0
4702,47,2,49,0
4703,47,3,50,1
4704,47,4,51,1
4705,47,5,52,1
4706,47,6,53,1
4707,47,7,54,1
4708,47,8,55,1
4709,47,9,56,1
4710,47,10,57,0
4711,47,11,58,0
4712,47,12,59,0
4713,47,13,60,1
4714,47,14,61,1
4715,47,15,62,1
4716,47,16,63,1
4717,47,17,64,1
4718,47,18,65,1
4719,47,19,66,1
4720,47,20,67,0
4721,47,21,68,0
4722,47,22,69,0
4723,47,23,70,1
4724,47,24,71,1
4725,47,25,72,1
4726,47,26,73,1
4727,47,27,74,1
4728,47,28,75,1
4729,47,29,76,1
4730,47,30,77,0
4731,47,31,78,0
4732,47,32,79,0
4733,47,33,80,1
4734,47,34,81,1
4735,47,35,82,1
4736,47,36,83,1
4737,47,37,84,1
4738,47,38,85,1
4739,47,39,86,1
4740,47,40,87,0
4741,47,41,88,0
4742,47,42,89,0
4743,47,43,90,1
4744,47,44,91,1
4745,47,45,92,1
4746,47,46,93,1
4747,47,47,94,1
4748,47,48,95,1
4749,47,49,96,1
4750,47,50,97,0
4751,47,51,98,0
4752,47,52,99,0
4753,47,53,100,2
4754,47,54,101,2
4755,47,55,102,2
4756,47,56,103,2
4757,47,57,104,2
4758,47,58,105,2
4759,47,59,106,2
4760,47,60,107,1
4761,47,61,108,1
4762,47,62,109,1
4763,47,63,110,2
4764,47,64,111,2
4765,47,65,112,2
4766,47,66,113,2
4767,47,67,114,2
4768,47,68,115,2
4769,47,69,116,2
4770,47,70,117,1
4771,47,71,118,1
4772,47,72,119,1
4773,47,73,120,2
4774,47,74,121,2
4775,47,75,122,2
4776,47,76,123,2
4777,47,77,124,2
4778,47,78,125,2
4779,47,79,126,2
4780,47,80,127,1
4781,47,81,128,1
4782,47,82,129,1
4783,47,83,130,2
4784,47,84,131,2
4785,47,85,132,2
4786,47,86,133,2
4787,47,87,134,2
4788,47,88,135,2
4789,47,89,136,2
4790,47,90,137,1
4791,47,91,138,1
4792,47,92,139,1
4793,47,93,140,2
4794,47,94,141,2
4795,47,95,142,2
4796,47,96,143,2
4797,47,97,144,2
4798,47,98,145,2
4799,47,99,146,2
4800,48,0,48,0
4801,48,1,49,0
4802,48,2,50,1
4803,48,3,51,1
4804,48,4,52,1
4805,48,5,53,1
4806,48,6,54,1
4807,48,7,55,1
4808,48,8,56,1
4809,48,9,57,1
4810,48,10,58,0
4811,48,11,59,0
4812,48,12,60,1
4813,48,13,61,1
4814,48,14,62,1
4815,48,15,63,1
4816,48,16,64,1
4817,48,17,65,1
4818,48,18,66,1
4819,48,19,67,1
4820,48,20,68,0
4821,48,21,69,0
4822,48,22,70,1
4823,48,23,71,1
4824,48,24,72,1
4825,48,25,73,1
4826,48,26,74,1
4827,48,27,75,1
4828,48,28,76,1
4829,48,29,77,1
4830,48,30,78,0
4831,48,31,79,0
4832,48,32,80,1
4833,48,33,81,1
4834,48,34,82,1
4835,48,35,83,1
4836,48,36,84,1
4837,48,37,85,1
4838,48,38,86,1
4839,48,39,87,1
4840,48,40,88,0
4841,48,41,89,0
4842,48,42,90,1
4843,48,43,91,1
4844,48,44,92,1
4845,48,45,93,1
4846,48,46,94,1
4847,48,47,95,1
4848,48,48,96,1
4849,48,49,97,1
4850,48,50,98,0
4851,48,51,99,0
4852,48,52,100,2
4853,48,53,101,2
4854,48,54,102,2
4855,48,55,103,2
4856,48,56,104,2
4857,48,57,105,2
4858,48,58,106,2
4859,48,59,107,2
4860,48,60,108,1
4861,48,61,109,1
4862,48,62,110,2
4863,48,63,111,2
4864,48,64,112,2
4865,48,65,113,2
4866,48,66,114,2
4867,48,67,115,2
4868,48,68,116,2
4869,48,69,117,2
4870,48,70,118,1
4871,48,71,119,1
4872,48,72,120,2
4873,48,73,121,2
4874,48,74,122,2
4875,48,75,123,2
4876,48,76,124,2
4877,48,77,125,2
4878,48,78,126,2
4879,48,79,127,2
4880,48,80,128,1
4881,48,81,129,1
4882,48,82,130,2
4883,48,83,131,2
4884,48,84,132,2
4885,48,85,133,2
4886,48,86,134,2
4887,48,87,135,2
4888,48,88,136,2
4889,48,89,137,2
4890,48,90,138,1
4891,48,91,139,1
4892,48,92,140,2
4893,48,93,141,2
4894,48,94,142,2
4895,48,95,143,2
4896,48,96,144,2
4897,48,97,145,2
4898,48,98,146,2
4899,48,99,147,2
4900,49,0,49,0
4901,49,1,50,1
4902,49,2,51,1
4903,49,3,52,1
4904,49,4,53,1
4905,49,5,54,1
4906,49,6,55,1
4907,49,7,56,1
4908,49,8,57,1
4909,49,9,58,1
4910,49,10,59,0
4911,49,11,60,1
4912,49,12,61,1
4913,49,13,62,1
4914,49,14,63,1
4915,49,15,64,1
4916,49,16,65,1
4917,49,17,66,1
4918,49,18,67,1
4919,49,19,68,1
4920,49,20,69,0
4921,49,21,70,1
4922,49,22,71,1
4923,49,23,72,1
4924,49,24,73,1
4925,49,25,74,1
4926,49,26,75,1
4927,49,27,76,1
4928,49,28,77,1
4929,49,29,78,1
4930,49,30,79,0
4931,49,31,80,1
4932,49,32,81,1
4933,49,33,82,1
4934,49,34,83,1
4935,49,35,84,1
4936,49,36,85,1
4937,49,37,86,1
4938,49,38,87,1
4939,49,39,88,1
4940,49,40,89,0
4941,49,41,90,1
4942,49,42,91,1
4943,49,43,92,1
4944,49,44,93,1
4945,49,45,94,1
4946,49,46,95,1
4947,49,47,96,1
4948,49,48,97,1
4949,49,49,98,1
4950,49,50,99,0
4951,49,51,100,2
4952,49,52,101,2
4953,49,53,102,2
4954,49,54,103,2
4955,49,55,104,2
4956,49,56,105,2
4957,49,57,106,2
4958,49,58,107,2
4959,49,59,108,2
4960,49,60,109,1
4961,49,61,110,2
4962,49,62,111,2
4963,49,63,112,2
4964,49,64,113,2
4965,49,65,114,2
4966,49,66,115,2
4967,49,67,116,2
4968,49,68,117,2
4969,49,69,118,2
4970,49,70,119,1
4971,49,71,120,2
4972,49,72,121,2
4973,49,73,122,2
4974,49,74,123,2
4975,49,75,124,2
4976,49,76,125,2
4977,49,77,126,2
4978,49,78,127,2
4979,49,79,128,2
4980,49,80,129,1
4981,49,81,130,2
4982,49,82,131,2
4983,49,83,132,2
4984,49,84,133,2
4985,49,85,134,2
4986,49,86,135,2
4987,49,87,136,2
4988,49,88,137,2
4989,49,89,138,2
4990,49,90,139,1
4991,49,91,140,2
4992,49,92,141,2
4993,49,93,142,2
4994,49,94,143,2
4995,49,95,144,2
4996,49,96,145,2
4997,49,97,146,2
4998,49,98,147,2
4999,49,99,148,2
5000,50,0,50,0
5001,50,1,51,0
5002,50,2,52,0
5003,50,3,53,0
5004,50,4,54,0
5005,50,5,55,0
5006,50,6,56,0
5007,50,7,57,0
5008,50,8,58,0
5009,50,9,59,0
5010,50,10,60,0
5011,50,11,61,0
5012,50,12,62,0
5013,50,13,63,0
5014,50,14,64,0
5015,50,15,65,0
5016,50,16,66,0
5017,50,17,67,0
5018,50,18,68,0
5019,50,19,69,0
5020,50,20,70,0
5021,50,21,71,0
5022,50,22,72,0
5023,50,23,73,0
5024,50,24,74,0
5025,50,25,75,0
5026,50,26,76,0
5027,50,27,77,0
5028,50,28,78,0
5029,50,29,79,0
5030,50,30,80,0
5031,50,31,81,0
5032,50,32,82,0
5033,50,33,83,0
5034,50,34,84,0
5035,50,35,85,0
5036,50,36,86,0
5037,50,37,87,0
5038,50,38,88,0
5039,50,39,89,0
5040,50,40,90,0
5041,50,41,91,0
5042,50,42,92,0
5043,50,43,93,0
5044,50,44,94,0
5045,50,45,95,0
5046,50,46,96,0
5047,50,47,97,0
5048,50,48,98,0
5049,50,49,99,0
5050,50,50,100,1
5051,50,51,101,1
5052,50,52,102,1
5053,50,53,103,1
5054,50,54,104,1
5055,50,55,105,1
5056,50,56,106,1
5057,50,57,107,1
5058,50,58,108,1
5059,50,59,109,1
5060,50,60,110,1
5061,50,61,111,1
5062,50,62,112,1
5063,50,63,113,1
5064,50,64,114,1
5065,50,65,115,1
5066,50,66,116,1
5067,50,67,117,1
5068,50,68,118,1
5069,50,69,119,1
5070,50,70,120,1
5071,50,71,121,1
5072,50,72,122,1
5073,50,73,123,1
5074,50,74,124,1
5075,50,75,125,1
5076,50,76,126,1
5077,50,77,127,1
5078,50,78,128,1
5079,50,79,129,1
5080,50,80,130,1
5081,50,81,131,1
5082,50,82,132,1
5083,50,83,133,1
5084,50,84,134,1
5085,50,85,135,1
5086,50,86,136,1
5087,50,87,137,1
5088,50,88,138,1
5089,50,89,139,1
5090,50,90,140,1
5091,50,91,141,1
5092,50,92,142,1
5093,50,93,143,1
5094,50,94,144,1
5095,50,95,145,1
5096,50,96,146,1
5097,50,97,147,1
5098,50,98,148,1
5099,50,99,149,1
5100,51,0,51,0
5101,51,1,52,0
5102,51,2,53,0
5103,51,3,54,0
5104,51,4,55,0
5105,51,5,56,0
5106,51,6,57,0
5107,51,7,58,0
5108,51,8,59,0
5109,51,9,60,1
5110,51,10,61,0
5111,51,11,62,0
5112,51,12,63,0
5113,51,13,64,0
5114,51,14,65,0
5115,51,15,66,0
5116,51,16,67,0
5117,51,17,68,0
5118,51,18,69,0
5119,51,19,70,1
5120,51,20,71,0
5121,51,21,72,0
5122,51,22,73,0
5123,51,23,74,0
5124,51,24,75,0
5125,51,25,76,0
5126,51,26,77,0
5127,51,27,78,0
5128,51,28,79,0
5129,51,29,80,1
5130,51,30,81,0
5131,51,31,82,0
5132,51,32,83,0
5133,51,33,84,0
5134,51,34,85,0
5135,51,35,86,0
5136,51,36,87,0
5137,51,37,88,0
5138,51,38,89,0
5139,51,39,90,1
5140,51,40,91,0
5141,51,41,92,0
5142,51,42,93,0
5143,51,43,94,0
5144,51,44,95,0
5145,51,45,96,0
5146,51,46,97,0
5147,51,47,98,0
5148,51,48,99,0
5149,51,49,100,2
5150,51,50,101,1
5151,51,51,102,1
5152,51,52,103,1
5153,51,53,104,1
5154,51,54,105,1
5155,51,55,106,1
5156,51,56,107,1
5157,51,57,108,1
5158,51,58,109,1
5159,51,59,110,2
5160,51,60,111,1
5161,51,61,112,1
5162,51,62,113,1
5163,51,63,114,1
5164,51,64,115,1
5165,51,65,116,1
5166,51,66,117,1
5167,51,67,118,1
5168,51,68,119,1
5169,51,69,120,2
5170,51,70,121,1
5171,51,71,122,1
5172,51,72,123,1
5173,51,73,124,1
5174,51,74,125,1
5175,51,75,126,1
5176,51,76,127,1
5177,51,77,128,1
5178,51,78,129,1
5179,51,79,130,2
5180,51,80,131,1
5181,51,81,132,1
5182,51,82,133,1
5183,51,83,134,1
5184,51,84,135,1
5185,51,85,136,1
5186,51,86,137,1
5187,51,87,138,1
5188,51,88,139,1
5189,51,89,140,2
5190,51,90,141,1
5191,51,91,142,1
5192,51,92,143,1
5193,51,93,144,1
5194,51,94,145,1
5195,51,95,146,1
5196,51,96,147,1
5197,51,97,148,1
5198,51,98,149,1
5199,51,99,150,2
5200,52,0,52,0
5201,52,1,53,0
5202,52,2,54,0
5203,52,3,55,0
5204,52,4,56,0
5205,52,5,57,0
5206,52,6,58,0
5207,52,7,59,0
5208,52,8,60,1
5209,52,9,61,1
5210,52,10,62,0
5211,52,11,63,0
5212,52,12,64,0
5213,52,13,65,0
5214,52,14,66,0
5215,52,15,67,0
5216,52,16,68,0
5217,52,17,69,0
5218,52,18,70,1
5219,52,19,71,1
5220,52,20,72,0
5221,52,21,73,0
5222,52,22,74,0
5223,52,23,75,0
5224,52,24,76,0
5225,52,25,77,0
5226,52,26,78,0
5227,52,27,79,0
5228,52,28,80,1
5229,52,29,81,1
5230,52,30,82,0
5231,52,31,83,0
5232,52,32,84,0
5233,52,33,85,0
5234,52,34,86,0
5235,52,35,87,0
5236,52,36,88,0
5237,52,37,89,0
5238,52,38,90,1
5239,52,39,91,1
5240,52,40,92,0
5241,52,41,93,0
5242,52,42,94,0
5243,52,43,95,0
5244,52,44,96,0
5245,52,45,97,0
5246,52,46,98,0
5247,52,47,99,0
5248,52,48,100,2
5249,52,49,101,2
5250,52,50,102,1
5251,52,51,103,1
5252,52,52,104,1
5253,52,53,105,1
5254,52,54,106,1
5255,52,55,107,1
5256,52,56,108,1
5257,52,57,109,1
5258,52,58,110,2
5259,52,59,111,2
5260,52,60,112,1
5261,52,61,113,1
5262,52,62,114,1
5263,52,63,115,1
5264,52,64,116,1
5265,52,65,117,1
5266,52,66,118,1
5267,52,67,119,1
5268,52,68,120,2
5269,52,69,121,2
5270,52,70,122,1
5271,52,71,123,1
5272,52,72,124,1
5273,52,73,125,1
5274,52,74,126,1
5275,52,75,127,1
5276,52,76,128,1
5277,52,77,129,1
5278,52,78,130,2
5279,52,79,131,2
5280,52,80,132,1
5281,52,81,133,1
5282,52,82,134,1
5283,52,83,135,1
5284,52,84,136,1
5285,52,85,137,1
5286,52,86,138,1
5287,52,87,139,1
5288,52,88,140,2
5289,52,89,141,2
5290,52,90,142,1
5291,52,91,143,1
5292,52,92,144,1
5293,52,93,145,1
5294,52,94,146,1
5295,52,95,147,1
5296,52,96,148,1
5297,52,97,149,1
5298,52,98,150,2
5299,52,99,151,2
5300,53,0,53,0
5301,53,1,54,0
5302,53,2,55,0
5303,53,3,56,0
5304,53,4,57,0
5305,53,5,58,0
5306,53,6,59,0
5307,53,7,60,1
5308,53,8,61,1
5309,53,9,62,1
5310,53,10,63,0
5311,53,11,64,0
5312,53,12,65,0
5313,53,13,66,0
5314,53,14,67,0
5315,53,15,68,0
5316,53,16,69,0
5317,53,17,70,1
5318,53,18,71,1
5319,53,19,72,1
5320,53,20,73,0
5321,53,21,74,0
5322,53,22,75,0
5323,53,23,76,0
5324,53,24,77,0
5325,53,25,78,0
5326,53,26,79,0
5327,53,27,80,1
5328,53,28,81,1
5329,53,29,82,1
5330,53,30,83,0
5331,53,31,84,0
5332,53,32,85,0
5333,53,33,86,0
5334,53,34,87,0
5335,53,35,88,0
5336,53,36,89,0
5337,53,37,90,1
5338,53,38,91,1
5339,53,39,92,1
5340,53,40,93,0
5341,53,41,94,0
5342,53,42,95,0
5343,53,43,96,0
5344,53,44,97,0
5345,53,45,98,0
5346,53,46,99,0
5347,53,47,100,2
5348,53,48,101,2
5349,53,49,102,2
5350,53,50,103,1
5351,53,51,104,1
5352,53,52,105,1
5353,53,53,106,1
5354,53,54,107,1
5355,53,55,108,1
5356,53,56,109,1
5357,53,57,110,2
5358,53,58,111,2
5359,53,59,112,2
5360,53,60,113,1
5361,53,61,114,1
5362,53,62,115,1
5363,53,63,116,1
5364,53,64,117,1
5365,53,65,118,1
5366,53,66,119,1
5367,53,67,120,2
5368,53,68,121,2
5369,53,69,122,2
5370,53,70,123,1
5371,53,71,124,1
5372,53,72,125,1
5373,53,73,126,1
5374,53,74,127,1
5375,53,75,128,1
5376,53,76,129,1
5377,53,77,130,2
5378,53,78,131,2
5379,53,79,132,2
5380,53,80,133,1
5381,53,81,134,1
5382,53,82,135,1
5383,53,83,136,1
5384,53,84,137,1
5385,53,85,138,1
5386,53,86,139,1
5387,53,87,140,2
5388,53,88,141,2
5389,53,89,142,2
5390,53,90,143,1
5391,53,91,144,1
5392,53,92,145,1
5393,53,93,146,1
5394,53,94,147,1
5395,53,95,148,1
5396,53,96,149,1
5397,53,97,150,2
5398,53,98,151,2
5399,53,99,152,2
5400,54,0,54,0
5401,54,1,55,0
5402,54,2,56,0
5403,54,3,57,0
5404,54,4,58,0
5405,54,5,59,0
5406,54,6,60,1
5407,54,7,61,1
5408,54,8,62,1
5409,54,9,63,1
5410,54,10,64,0
5411,54,11,65,0
5412,54,12,66,0
5413,54,13,67,0
5414,54,14,68,0
5415,54,15,69,0
5416,54,16,70,1
5417,54,17,71,1
5418,54,18,72,1
5419,54,19,73,1
5420,54,20,74,0
5421,54,21,75,0
5422,54,22,76,0
5423,54,23,77,0
5424,54,24,78,0
5425,54,25,79,0
5426,54,26,80,1
5427,54,27,81,1
5428,54,28,82,1
5429,54,29,83,1
5430,54,30,84,0
5431,54,31,85,0
5432,54,32,86,0
5433,54,33,87,0
5434,54,34,88,0
5435,54,35,89,0
5436,54,36,90,1
5437,54,37,91,1
5438,54,38,92,1
5439,54,39,93,1
5440,54,40,94,0
5441,54,41,95,0
5442,54,42,96,0
5443,54,43,97,0
5444,54,44,98,0
5445,54,45,99,0
5446,54,46,100,2
5447,54,47,101,2
5448,54,48,102,2
5449,54,49,103,2
5450,54,50,104,1
5451,54,51,105,1
5452,54,52,106,1
5453,54,53,107,1
5454,54,54,108,1
5455,54,55,109,1
5456,54,56,110,2
5457,54,57,111,2
5458,54,58,112,2
5459,54,59,113,2
5460,54,60,114,1
5461,54,61,115,1
5462,54,62,116,1
5463,54,63,117,1
5464,54,64,118,1
5465,54,65,119,1
5466,54,66,120,2
5467,54,67,121,2
5468,54,68,122,2
5469,54,69,123,2
5470,54,70,124,1
5471,54,71,125,1
5472,54,72,126,1
5473,54,73,127,1
5474,54,74,128,1
5475,54,75,129,1
5476,54,76,130,2
5477,54,77,131,2
5478,54,78,132,2
5479,54,79,133,2
5480,54,80,134,1
5481,54,81,135,1
5482,54,82,136,1
5483,54,83,137,1
5484,54,84,138,1
5485,54,85,139,1
5486,54,86,140,2
5487,54,87,141,2
5488,54,88,142,2
5489,54,89,143,2
5490,54,90,144,1
5491,54,91,145,1
5492,54,92,146,1
5493,54,93,147,1
5494,54,94,148,1
5495,54,95,149,1
5496,54,96,150,2
5497,54,97,151,2
5498,54,98,152,2
5499,54,99,153,2
5500,55,0,55,0
5501,55,1,56,0
5502,55,2,57,0
5503,55,3,58,0
5504,55,4,59,0
5505,55,5,60,1
5506,55,6,61,1
5507,55,7,62,1
5508,55,8,63,1
5509,55,9,64,1
5510,55,10,65,0
5511,55,11,66,0
5512,55,12,67,0
5513,55,13,68,0
5514,55,14,69,0
5515,55,15,70,1
5516,55,16,71,1
5517,55,17,72,1
5518,55,18,73,1
5519,55,19,74,1
5520,55,20,75,0
5521,55,21,76,0
5522,55,22,77,0
5523,55,23,78,0
5524,55,24,79,0
5525,55,25,80,1
5526,55,26,81,1
5527,55,27,82,1
5528,55,28,83,1
5529,55,29,84,1
5530,55,30,85,0
5531,55,31,86,0
5532,55,32,87,0
5533,55,33,88,0
5534,55,34,89,0
5535,55,35,90,1
5536,55,36,91,1
5537,55,37,92,1
5538,55,38,93,1
5539,55,39,94,1
5540,55,40,95,0
5541,55,41,96,0
5542,55,42,97,0
5543,55,43,98,0
5544,55,44,99,0
5545,55,45,100,2
5546,55,46,101,2
5547,55,47,102,2
5548,55,48,103,2
5549,55,49,104,2
5550,55,50,105,1
5551,55,51,106,1
5552,55,52,107,1
5553,55,53,108,1
5554,55,54,109,1
5555,55,55,110,2
5556,55,56,111,2
5557,55,57,112,2
5558,55,58,113,2
5559,55,59,114,2
5560,55,60,115,1
5561,55,61,116,1
5562,55,62,117,1
5563,55,63,118,1
5564,55,64,119,1
5565,55,65,120,2
5566,55,66,121,2
5567,55,67,122,2
5568,55,68,123,2
5569,55,69,124,2
5570,55,70,125,1
5571,55,71,126,1
5572,55,72,127,1
5573,55,73,128,1
5574,55,74,129,1
5575,55,75,130,2
5576,55,76,131,2
5577,55,77,132,2
5578,55,78,133,2
5579,55,79,134,2
5580,55,80,135,1
5581,55,81,136,1
5582,55,82,137,1
5583,55,83,138,1
5584,55,84,139,1
5585,55,85,140,2
5586,55,86,141,2
5587,55,87,142,2
5588,55,88,143,2
5589,55,89,144,2
5590,55,90,145,1
5591,55,91,146,1
5592,55,92,147,1
5593,55,93,148,1
5594,55,94,149,1
5595,55,95,150,2
5596,55,96,151,2
5597,55,97,152,2
5598,55,98,153,2
5599,55,99,154,2
5600,56,0,56,0
5601,56,1,57,0
5602,56,2,58,0
5603,56,3,59,0
5604,56,4,60,1
5605,56,5,61,1
5606,56,6,62,1
5607,56,7,63,1
5608,56,8,64,1
5609,56,9,65,1
5610,56,10,66,0
5611,56,11,67,0
5612,56,12,68,0
5613,56,13,69,0
5614,56,14,70,1
5615,56,15,71,1
5616,56,16,72,1
5617,56,17,73,1
5618,56,18,74,1
5619,56,19,75,1
5620,56,20,76,0
5621,56,21,77,0
5622,56,22,78,0
5623,56,23,79,0
5624,56,24,80,1
5625,56,25,81,1
5626,56,26,82,1
5627,56,27,83,1
5628,56,28,84,1
5629,56,29,85,1
5630,56,30,86,0
5631,56,31,87,0
5632,56,32,88,0
5633,56,33,89,0
5634,56,34,90,1
5635,56,35,91,1
5636,56,36,92,1
5637,56,37,93,1
5638,56,38,94,1
5639,56,39,95,1
5640,56,40,96,0
5641,56,41,97,0
5642,56,42,98,0
5643,56,43,99,0
5644,56,44,100,2
5645,56,45,101,2
5646,56,46,102,2
5647,56,47,103,2
5648,56,48,104,2
5649,56,49,105,2
5650,56,50,106,1
5651,56,51,107,1
5652,56,52,108,1
5653,56,53,109,1
5654,56,54,110,2
5655,56,55,111,2
5656,56,56,112,2
5657,56,57,113,2
5658,56,58,114,2
5659,56,59,115,2
5660,56,60,116,1
5661,56,61,117,1
5662,56,62,118,1
5663,56,63,119,1
5664,56,64,120,2
5665,56,65,121,2
5666,56,66,122,2
5667,56,67,123,2
5668,56,68,124,2
5669,56,69,125,2
5670,56,70,126,1
5671,56,71,127,1
5672,56,72,128,1
5673,56,73,129,1
5674,56,74,130,2
5675,56,75,131,2
5676,56,76,132,2
5677,56,77,133,2
5678,56,78,134,2
5679,56,79,135,2
5680,56,80,136,1
5681,56,81,137,1
5682,56,82,138,1
5683,56,83,139,1
5684,56,84,140,2
5685,56,85,141,2
5686,56,86,142,2
5687,56,87,143,2
5688,56,88,144,2
5689,56,89,145,2
5690,56,90,146,1
5691,56,91,147,1
5692,56,92,148,1
5693,56,93,149,1
5694,56,94,150,2
5695,56,95,151,2
5696,56,96,152,2
5697,56,97,153,2
5698,56,98,154,2
5699,56,99,155,2
5700,57,0,57,0
5701,57,1,58,0
5702,57,2,59,0
5703,57,3,60,1
5704,57,4,61,1
5705,57,5,62,1
5706,57,6,63,1
5707,57,7,64,1
5708,57,8,65,1
5709,57,9,66,1
5710,57,10,67,0
5711,57,11,68,0
5712,57,12,69,0
5713,57,13,70,1
5714,57,14,71,1
5715,57,15,72,1
5716,57,16,73,1
5717,57,17,74,1
5718,57,18,75,1
5719,57,19,76,1
5720,57,20,77,0
5721,57,21,78,0
5722,57,22,79,0
5723,57,23,80,1
5724,57,24,81,1
5725,57,25,82,1
5726,57,26,83,1
5727,57,27,84,1
5728,57,28,85,1
5729,57,29,86,1
5730,57,30,87,0
5731,57,31,88,0
5732,57,32,89,0
5733,57,33,90,1
5734,57,34,91,1
5735,57,35,92,1
5736,57,36,93,1
5737,57,37,94,1
5738,57,38,95,1
5739,57,39,96,1
5740,57,40,97,0
5741,57,41,98,0
5742,57,42,99,0
5743,57,43,100,2
5744,57,44,101,2
5745,57,45,102,2
5746,57,46,103,2
5747,57,47,104,2
5748,57,48,105,2
5749,57,49,106,2
5750,57,50,107,1
5751,57,51,108,1
5752,57,52,109,1
5753,57,53,110,2
5754,57,54,111,2
5755,57,55,112,2
5756,57,56,113,2
5757,57,57,114,2
5758,57,58,115,2
5759,57,59,116,2
5760,57,60,117,1
5761,57,61,118,1
5762,57,62,119,1
5763,57,63,120,2
5764,57,64,121,2
5765,57,65,122,2
5766,57,66,123,2
5767,57,67,124,2
5768,57,68,125,2
5769,57,69,126,2
5770,57,70,127,1
5771,57,71,128,1
5772,57,72,129,1
5773,57,73,130,2
5774,57,74,131,2
5775,57,75,132,2
5776,57,76,133,2
5777,57,77,134,2
5778,57,78,135,2
5779,57,79,136,2
5780,57,80,137,1
5781,57,81,138,1
5782,57,82,139,1
5783,57,83,140,2
5784,57,84,141,2
5785,57,85,142,2
5786,57,86,143,2
5787,57,87,144,2
5788,57,88,145,2
5789,57,89,146,2
5790,57,90,147,1
5791,57,91,148,1
5792,57,92,149,1
5793,57,93,150,2
5794,57,94,151,2
5795,57,95,152,2
5796,57,96,153,2
5797,57,97,154,2
5798,57,98,155,2
5799,57,99,156,2
5800,58,0,58,0
5801,58,1,59,0
5802,58,2,60,1
5803,58,3,61,1
5804,58,4,62,1
5805,58,5,63,1
5806,58,6,64,1
5807,58,7,65,1
5808,58,8,66,1
5809,58,9,67,1
5810,58,10,68,0
5811,58,11,69,0
5812,58,12,70,1
5813,58,13,71,1
5814,58,14,72,1
5815,58,15,73,1
5816,58,16,74,1
5817,58,17,75,1
5818,58,18,76,1
5819,58,19,77,1
5820,58,20,78,0
5821,58,21,79,0
5822,58,22,80,1
5823,58,23,81,1
5824,58,24,82,1
5825,58,25,83,1
5826,58,26,84,1
5827,58,27,85,1
5828,58,28,86,1
5829,58,29,87,1
5830,58,30,88,0
5831,58,31,89,0
5832,58,32,90,1
5833,58,33,91,1
5834,58,34,92,1
5835,58,35,93,1
5836,58,36,94,1
5837,58,37,95,1
5838,58,38,96,1
5839,58,39,97,1
5840,58,40,98,0
5841,58,41,99,0
5842,58,42,100,2
5843,58,43,101,2
5844,58,44,102,2
5845,58,45,103,2
5846,58,46,104,2
5847,58,47,105,2
5848,58,48,106,2
5849,58,49,107,2
5850,58,50,108,1
5851,58,51,109,1
5852,58,52,110,2
5853,58,53,111,2
5854,58,54,112,2
5855,58,55,113,2
5856,58,56,114,2
5857,58,57,115,2
5858,58,58,116,2
5859,58,59,117,2
5860,58,60,118,1
5861,58,61,119,1
5862,58,62,120,2
5863,58,63,121,2
5864,58,64,122,2
5865,58,65,123,2
5866,58,66,124,2
5867,58,67,125,2
5868,58,68,126,2
5869,58,69,127,2
5870,58,70,128,1
5871,58,71,129,1
5872,58,72,130,2
5873,58,73,131,2
5874,58,74,132,2
5875,58,75,133,2
5876,58,76,134,2
5877,58,77,135,2
5878,58,78,136,2
5879,58,79,137,2
5880,58,80,138,1
5881,58,81,139,1
5882,58,82,140,2
5883,58,83,141,2
5884,58,84,142,2
5885,58,85,143,2
5886,58,86,144,2
5887,58,87,145,2
5888,58,88,146,2
5889,58,89,147,2
5890,58,90,148,1
5891,58,91,149,1
5892,58,92,150,2
5893,58,93,151,2
5894,58,94,152,2
5895,58,95,153,2
5896,58,96,154,2
5897,58,97,155,2
5898,58,98,156,2
5899,58,99,157,2
5900,59,0,59,0
5901,59,1,60,1
5902,59,2,61,1
5903,59,3,62,1
5904,59,4,63,1
5905,59,5,64,1
5906,59,6,65,1
5907,59,7,66,1
5908,59,8,67,1
5909,59,9,68,1
5910,59,10,69,0
5911,59,11,70,1
5912,59,12,71,1
5913,59,13,72,1
5914,59,14,73,1
5915,59,15,74,1
5916,59,16,75,1
5917,59,17,76,1
5918,59,18,77,1
5919,59,19,78,1
5920,59,20,79,0
5921,59,21,80,1
5922,59,22,81,1
5923,59,23,82,1
5924,59,24,83,1
5925,59,25,84,1
5926,59,26,85,1
5927,59,27,86,1
5928,59,28,87,1
5929,59,29,88,1
5930,59,30,89,0
5931,59,31,90,1
5932,59,32,91,1
5933,59,33,92,1
5934,59,34,93,1
5935,59,35,94,1
5936,59,36,95,1
5937,59,37,96,1
5938,59,38,97,1
5939,59,39,98,1
5940,59,40,99,0
5941,59,41,100,2
5942,59,42,101,2
5943,59,43,102,2
5944,59,44,103,2
5945,59,45,104,2
5946,59,46,105,2
5947,59,47,106,2
5948,59,48,107,2
5949,59,49,108,2
5950,59,50,109,1
5951,59,51,110,2
5952,59,52,111,2
5953,59,53,112,2
5954,59,54,113,2
5955,59,55,114,2
5956,59,56,115,2
5957,59,57,116,2
5958,59,58,117,2
5959,59,59,118,2
5960,59,60,119,1
5961,59,61,120,2
5962,59,62,121,2
5963,59,63,122,2
5964,59,64,123,2
5965,59,65,124,2
5966,59,66,125,2
5967,59,67,126,2
5968,59,68,127,2
5969,59,69,128,2
5970,59,70,129,1
5971,59,71,130,2
5972,59,72,131,2
5973,59,73,132,2
5974,59,74,133,2
5975,59,75,134,2
5976,59,76,135,2
5977,59,77,136,2
5978,59,78,137,2
5979,59,79,138,2
5980,59,80,139,1
5981,59,81,140,2
5982,59,82,141,2
5983,59,83,142,2
5984,59,84,143,2
5985,59,85,144,2
5986,59,86,145,2
5987,59,87,146,2
5988,59,88,147,2
5989,59,89,148,2
5990,59,90,149,1
5991,59,91,150,2
5992,59,92,151,2
5993,59,93,152,2
5994,59,94,153,2
5995,59,95,154,2
5996,59,96,155,2
5997,59,97,156,2
5998,59,98,157,2
5999,59,99,158,2
6000,60,0,60,0
6001,60,1,61,0
6002,60,2,62,0
6003,60,3,63,0
6004,60,4,64,0
6005,60,5,65,0
6006,60,6,66,0
6007,60,7,67,0
6008,60,8,68,0
6009,60,9,69,0
6010,60,10,70,0
6011,60,11,71,0
6012,60,12,72,0
6013,60,13,73,0
6014,60,14,74,0
6015,60,15,75,0
6016,60,16,76,0
6017,60,17,77,0
6018,60,18,78,0
6019,60,19,79,0
6020,60,20,80,0
6021,60,21,81,0
6022,60,22,82,0
6023,60,23,83,0
6024,60,24,84,0
6025,60,25,85,0
6026,60,26,86,0
6027,60,27,87,0
6028,60,28,88,0
6029,60,29,89,0
6030,60,30,90,0
6031,60,31,91,0
6032,60,32,92,0
6033,60,33,93,0
6034,60,34,94,0
6035,60,35,95,0
6036,60,36,96,0
6037,60,37,97,0
6038,60,38,98,0
6039,60,39,99,0
6040,60,40,100,1
6041,60,41,101,1
6042,60,42,102,1
6043,60,43,103,1
6044,60,44,104,1
6045,60,45,105,1
6046,60,46,106,1
6047,60,47,107,1
6048,60,48,108,1
6049,60,49,109,1
6050,60,50,110,1
6051,60,51,111,1
6052,60,52,112,1
6053,60,53,113,1
6054,60,54,114,1
6055,60,55,115,1
6056,60,56,116,1
6057,60,57,117,1
6058,60,58,118,1
6059,60,59,119,1
6060,60,60,120,1
6061,60,61,121,1
6062,60,62,122,1
6063,60,63,123,1
6064,60,64,124,1
6065,60,65,125,1
6066,60,66,126,1
6067,60,67,127,1
6068,60,68,128,1
6069,60,69,129,1
6070,60,70,130,1
6071,60,71,131,1
6072,60,72,132,1
6073,60,73,133,1
6074,60,74,134,1
6075,60,75,135,1
6076,60,76,136,1
6077,60,77,137,1
6078,60,78,138,1
6079,60,79,139,1
6080,60,80,140,1
6081,60,81,141,1
6082,60,82,142,1
6083,60,83,143,1
6084,60,84,144,1
6085,60,85,145,1
6086,60,86,146,1
6087,60,87,147,1
6088,60,88,148,1
6089,60,89,149,1
6090,60,90,150,1
6091,60,91,151,1
6092,60,92,152,1
6093,60,93,153,1
6094,60,94,154,1
6095,60,95,155,1
6096,60,96,156,1
6097,60,97,157,1
6098,60,98,158,1
6099,60,99,159,1
6100,61,0,61,0
6101,61,1,62,0
6102,61,2,63,0
6103,61,3,64,0
6104,61,4,65,0
6105,61,5,66,0
6106,61,6,67,0
6107,61,7,68,0
6108,61,8,69,0
6109,61,9,70,1
6110,61,10,71,0
6111,61,11,72,0
6112,61,12,73,0
6113,61,13,74,0
6114,61,14,75,0
6115,61,15,76,0
6116,61,16,77,0
6117,61,17,78,0
6118,61,18,79,0
6119,61,19,80,1
6120,61,20,81,0
6121,61,21,82,0
6122,61,22,83,0
6123,61,23,84,0
6124,61,24,85,0
6125,61,25,86,0
6126,61,26,87,0
6127,61,27,88,0
6128,61,28,89,0
6129,61,29,90,1
6130,61,30,91,0
6131,61,31,92,0
6132,61,32,93,0
6133,61,33,94,0
6134,61,34,95,0
6135,61,35,96,0
6136,61,36,97,0
6137,61,37,98,0
6138,61,38,99,0
6139,61,39,100,2
6140,61,40,101,1
6141,61,41,102,1
6142,61,42,103,1
6143,61,43,104,1
6144,61,44,105,1
6145,61,45,106,1
6146,61,46,107,1
6147,61,47,108,1
6148,61,48,109,1
6149,61,49,110,2
6150,61,50,111,1
6151,61,51,112,1
6152,61,52,113,1
6153,61,53,114,1
6154,61,54,115,1
6155,61,55,116,1
6156,61,56,117,1
6157,61,57,118,1
6158,61,58,119,1
6159,61,59,120,2
6160,61,60,121,1
6161,61,61,122,1
6162,61,62,123,1
6163,61,63,124,1
6164,61,64,125,1
6165,61,65,126,1
6166,61,66,127,1
6167,61,67,128,1
6168,61,68,129,1
6169,61,69,130,2
6170,61,70,131,1
6171,61,71,132,1
6172,61,72,133,1
6173,61,73,134,1
6174,61,74,135,1
6175,61,75,136,1
6176,61,76,137,1
6177,61,77,138,1
6178,61,78,139,1
6179,61,79,140,2
6180,61,80,141,1
6181,61,81,142,1
6182,61,82,143,1
6183,61,83,144,1
6184,61,84,145,1
6185,61,85,146,1
6186,61,86,147,1
6187,61,87,148,1
6188,61,88,149,1
6189,61,89,150,2
6190,61,90,151,1
6191,61,91,152,1
6192,61,92,153,1
6193,61,93,154,1
6194,61,94,155,1
6195,61,95,156,1
6196,61,96,157,1
6197,61,97,158,1
6198,61,98,159,1
6199,61,99,160,2
6200,62,0,62,0
6201,62,1,63,0
6202,62,2,64,0
6203,62,3,65,0
6204,62,4,66,0
6205,62,5,67,0
6206,62,6,68,0
6207,62,7,69,0
6208,62,8,70,1
6209,62,9,71,1
6210,62,10,72,0
6211,62,11,73,0
6212,62,12,74,0
6213,62,13,75,0
6214,62,14,76,0
6215,62,15,77,0
6216,62,16,78,0
6217,62,17,79,0
6218,62,18,80,1
6219,62,19,81,1
6220,62,20,82,0
6221,62,21,83,0
6222,62,22,84,0
6223,62,23,85,0
6224,62,24,86,0
6225,62,25,87,0
6226,62,26,88,0
6227,62,27,89,0
6228,62,28,90,1
6229,62,29,91,1
6230,62,30,92,0
6231,62,31,93,0
6232,62,32,94,0
6233,62,33,95,0
6234,62,34,96,0
6235,62,35,97,0
6236,62,36,98,0
6237,62,37,99,0
6238,62,38,100,2
6239,62,39,101,2
6240,62,40,102,1
6241,62,41,103,1
6242,62,42,104,1
6243,62,43,105,1
6244,62,44,106,1
6245,62,45,107,1
6246,62,46,108,1
6247,62,47,109,1
6248,62,48,110,2
6249,62,49,111,2
6250,62,50,112,1
6251,62,51,113,1
6252,62,52,114,1
6253,62,53,115,1
6254,62,54,116,1
6255,62,55,117,1
6256,62,56,118,1
6257,62,57,119,1
6258,62,58,120,2
6259,62,59,121,2
6260,62,60,122,1
6261,62,61,123,1
6262,62,62,124,1
6263,62,63,125,1
6264,62,64,126,1
6265,62,65,127,1
6266,62,66,128,1
6267,62,67,129,1
6268,62,68,130,2
6269,62,69,131,2
6270,62,70,132,1
6271,62,71,133,1
6272,62,72,134,1
6273,62,73,135,1
6274,62,74,136,1
6275,62,75,137,1
6276,62,76,138,1
6277,62,77,139,1
6278,62,78,140,2
6279,62,79,141,2
6280,62,80,142,1
6281,62,81,143,1
6282,62,82,144,1
6283,62,83,145,1
6284,62,84,146,1
6285,62,85,147,1
6286,62,86,148,1
6287,62,87,149,1
6288,62,88,150,2
6289,62,89,151,2
6290,62,90,152,1
6291,62,91,153,1
6292,62,92,154,1
6293,62,93,155,1
6294,62,94,156,1
6295,62,95,157,1
6296,62,96,158,1
6297,62,97,159,1
6298,62,98,160,2
6299,62,99,161,2
6300,63,0,63,0
6301,63,1,64,0
6302,63,2,65,0
6303,63,3,66,0
6304,63,4,67,0
6305,63,5,68,0
6306,63,6,69,0
6307,63,7,70,1
6308,63,8,71,1
6309,63,9,72,1
6310,63,10,73,0
6311,63,11,74,0
6312,63,12,75,0
6313,63,13,76,0
6314,63,14,77,0
6315,63,15,78,0
6316,63,16,79,0
6317,63,17,80,1
6318,63,18,81,1
6319,63,19,82,1
6320,63,20,83,0
6321,63,21,84,0
6322,63,22,85,0
6323,63,23,86,0
6324,63,24,87,0
6325,63,25,88,0
6326,63,26,89,0
6327,63,27,90,1
6328,63,28,91,1
6329,63,29,92,1
6330,63,30,93,0
6331,63,31,94,0
6332,63,32,95,0
6333,63,33,96,0
6334,63,34,97,0
6335,63,35,98,0
6336,63,36,99,0
6337,63,37,100,2
6338,63,38,101,2
6339,63,39,102,2
6340,63,40,103,1
6341,63,41,104,1
6342,63,42,105,1
6343,63,43,106,1
6344,63,44,107,1
6345,63,45,108,1
6346,63,46,109,1
6347,63,47,110,2
6348,63,48,111,2
6349,63,49,112,2
6350,63,50,113,1
6351,63,51,114,1
6352,63,52,115,1
6353,63,53,116,1
6354,63,54,117,1
6355,63,55,118,1
6356,63,56,119,1
6357,63,57,120,2
6358,63,58,121,2
6359,63,59,122,2
6360,63,60,123,1
6361,63,61,124,1
6362,63,62,125,1
6363,63,63,126,1
6364,63,64,127,1
6365,63,65,128,1
6366,63,66,129,1
6367,63,67,130,2
6368,63,68,131,2
6369,63,69,132,2
6370,63,70,133,1
6371,63,71,134,1
6372,63,72,135,1
6373,63,73,136,1
6374,63,74,137,1
6375,63,75,138,1
6376,63,76,139,1
6377,63,77,140,2
6378,63,78,141,2
6379,63,79,142,2
6380,63,80,143,1
6381,63,81,144,1
6382,63,82,145,1
6383,63,83,146,1
6384,63,84,147,1
6385,63,85,148,1
6386,63,86,149,1
6387,63,87,150,2
6388,63,88,151,2
6389,63,89,152,2
6390,63,90,153,1
6391,63,91,154,1
6392,63,92,155,1
6393,63,93,156,1
6394,63,94,157,1
6395,63,95,158,1
6396,63,96,159,1
6397,63,97,160,2
6398,63,98,161,2
6399,63,99,162,2
6400,64,0,64,0
6401,64,1,65,0
6402,64,2,66,0
6403,64,3,67,0
6404,64,4,68,0
6405,64,5,69,0
6406,64,6,70,1
6407,64,7,71,1
6408,64,8,72,1
6409,64,9,73,1
6410,64,10,74,0
6411,64,11,75,0
6412,64,12,76,0
6413,64,13,77,0
6414,64,14,78,0
6415,64,15,79,0
6416,64,16,80,1
6417,64,17,81,1
6418,64,18,82,1
6419,64,19,83,1
6420,64,20,84,0
6421,64,21,85,0
6422,64,22,86,0
6423,64,23,87,0
6424,64,24,88,0
6425,64,25,89,0
6426,64,26,90,1
6427,64,27,91,1
6428,64,28,92,1
6429,64,29,93,1
6430,64,30,94,0
6431,64,31,95,0
6432,64,32,96,0
6433,64,33,97,0
6434,64,34,98,0
6435,64,35,99,0
6436,64,36,100,2
6437,64,37,101,2
6438,64,38,102,2
6439,64,39,103,2
6440,64,40,104,1
6441,64,41,105,1
6442,64,42,106,1
6443,64,43,107,1
6444,64,44,108,1
6445,64,45,109,1
6446,64,46,110,2
6447,64,47,111,2
6448,64,48,112,2
6449,64,49,113,2
6450,64,50,114,1
6451,64,51,115,1
6452,64,52,116,1
6453,64,53,117,1
6454,64,54,118,1
6455,64,55,119,1
6456,64,56,120,2
6457,64,57,121,2
6458,64,58,122,2
6459,64,59,123,2
6460,64,60,124,1
6461,64,61,125,1
6462,64,62,126,1
6463,64,63,127,1
6464,64,64,128,1
6465,64,65,129,1
6466,64,66,130,2
6467,64,67,131,2
6468,64,68,132,2
6469,64,69,133,2
6470,64,70,134,1
6471,64,71,135,1
6472,64,72,136,1
6473,64,73,137,1
6474,64,74,138,1
6475,64,75,139,1
6476,64,76,140,2
6477,64,77,141,2
6478,64,78,142,2
6479,64,79,143,2
6480,64,80,144,1
6481,64,81,145,1
6482,64,82,146,1
6483,64,83,147,1
6484,64,84,148,1
6485,64,85,149,1
6486,64,86,150,2
6487,64,87,151,2
6488,64,88,152,2
6489,64,89,153,2
6490,64,90,154,1
6491,64,91,155,1
6492,64,92,156,1
6493,64,93,157,1
6494,64,94,158,1
6495,64,95,159,1
6496,64,96,160,2
6497,64,97,161,2
6498,64,98,162,2
6499,64,99,163,2
6500,65,0,65,0
6501,65,1,66,0
6502,65,2,67,0
6503,65,3,68,0
6504,65,4,69,0
6505,65,5,70,1
6506,65,6,71,1
6507,65,7,72,1
6508,65,8,73,1
6509,65,9,74,1
6510,65,10,75,0
6511,65,11,76,0
6512,65,12,77,0
6513,65,13,78,0
6514,65,14,79,0
6515,65,15,80,1
6516,65,16,81,1
6517,65,17,82,1
6518,65,18,83,1
6519,65,19,84,1
6520,65,20,85,0
6521,65,21,86,0
6522,65,22,87,0
6523,65,23,88,0
6524,65,24,89,0
6525,65,25,90,1
6526,65,26,91,1
6527,65,27,92,1
6528,65,28,93,1
6529,65,29,94,1
6530,65,30,95,0
6531,65,31,96,0
6532,65,32,97,0
6533,65,33,98,0
6534,65,34,99,0
6535,65,35,100,2
6536,65,36,101,2
6537,65,37,102,2
6538,65,38,103,2
6539,65,39,104,2
6540,65,40,105,1
6541,65,41,106,1
6542,65,42,107,1
6543,65,43,108,1
6544,65,44,109,1
6545,65,45,110,2
6546,65,46,111,2
6547,65,47,112,2
6548,65,48,113,2
6549,65,49,114,2
6550,65,50,115,1
6551,65,51,116,1
6552,65,52,117,1
6553,65,53,118,1
6554,65,54,119,1
6555,65,55,120,2
6556,65,56,121,2
6557,65,57,122,2
6558,65,58,123,2
6559,65,59,124,2
6560,65,60,125,1
6561,65,61,126,1
6562,65,62,127,1
6563,65,63,128,1
6564,65,64,129,1
6565,65,65,130,2
6566,65,66,131,2
6567,65,67,132,2
6568,65,68,133,2
6569,65,69,134,2
6570,65,70,135,1
6571,65,71,136,1
6572,65,72,137,1
6573,65,73,138,1
6574,65,74,139,1
6575,65,75,140,2
6576,65,76,141,2
6577,65,77,142,2
6578,65,78,143,2
6579,65,79,144,2
6580,65,80,145,1
6581,65,81,146,1
6582,65,82,147,1
6583,65,83,148,1
6584,65,84,149,1
6585,65,85,150,2
6586,65,86,151,2
6587,65,87,152,2
6588,65,88,153,2
6589,65,89,154,2
6590,65,90,155,1
6591,65,91,156,1
6592,65,92,157,1
6593,65,93,158,1
6594,65,94,159,1
6595,65,95,160,2
6596,65,96,161,2
6597,65,97,162,2
6598,65,98,163,2
6599,65,99,164,2
6600,66,0,66,0
6601,66,1,67,0
6602,66,2,68,0
6603,66,3,69,0
6604,66,4,70,1
6605,66,5,71,1
6606,66,6,72,1
6607,66,7,73,1
6608,66,8,74,1
6609,66,9,75,1
6610,66,10,76,0
6611,66,11,77,0
6612,66,12,78,0
6613,66,13,79,0
6614,66,14,80,1
6615,66,15,81,1
6616,66,16,82,1
6617,66,17,83,1
6618,66,18,84,1
6619,66,19,85,1
6620,66,20,86,0
6621,66,21,87,0
6622,66,22,88,0
6623,66,23,89,0
6624,66,24,90,1
6625,66,25,91,1
6626,66,26,92,1
6627,66,27,93,1
6628,66,28,94,1
6629,66,29,95,1
6630,66,30,96,0
6631,66,31,97,0
6632,66,32,98,0
6633,66,33,99,0
6634,66,34,100,2
6635,66,35,101,2
6636,66,36,102,2
6637,66,37,103,2
6638,66,38,104,2
6639,66,39,105,2
6640,66,40,106,1
6641,66,41,107,1
6642,66,42,108,1
6643,66,43,109,1
6644,66,44,110,2
6645,66,45,111,2
6646,66,46,112,2
6647,66,47,113,2
6648,66,48,114,2
6649,66,49,115,2
6650,66,50,116,1
6651,66,51,117,1
6652,66,52,118,1
6653,66,53,119,1
6654,66,54,120,2
6655,66,55,121,2
6656,66,56,122,2
6657,66,57,123,2
6658,66,58,124,2
6659,66,59,125,2
6660,66,60,126,1
6661,66,61,127,1
6662,66,62,128,1
6663,66,63,129,1
6664,66,64,130,2
6665,66,65,131,2
6666,66,66,132,2
6667,66,67,133,2
6668,66,68,134,2
6669,66,69,135,2
6670,66,70,136,1
6671,66,71,137,1
6672,66,72,138,1
6673,66,73,139,1
6674,66,74,140,2
6675,66,75,141,2
6676,66,76,142,2
6677,66,77,143,2
6678,66,78,144,2
6679,66,79,145,2
6680,66,80,146,1
6681,66,81,147,1
6682,66,82,148,1
6683,66,83,149,1
6684,66,84,150,2
6685,66,85,151,2
6686,66,86,152,2
6687,66,87,153,2
6688,66,88,154,2
6689,66,89,155,2
6690,66,90,156,1
6691,66,91,157,1
6692,66,92,158,1
6693,66,93,159,1
6694,66,94,160,2
6695,66,95,161,2
6696,66,96,162,2
6697,66,97,163,2
6698,66,98,164,2
6699,66,99,165,2
6700,67,0,67,0
6701,67,1,68,0
6702,67,2,69,0
6703,67,3,70,1
6704,67,4,71,1
6705,67,5,72,1
6706,67,6,73,1
6707,67,7,74,1
6708,67,8,75,1
6709,67,9,76,1
6710,67,10,77,0
6711,67,11,78,0
6712,67,12,79,0
6713,67,13,80,1
6714,67,14,81,1
6715,67,15,82,1
6716,67,16,83,1
6717,67,17,84,1
6718,67,18,85,1
6719,67,19,86,1
6720,67,20,87,0
6721,67,21,88,0
6722,67,22,89,0
6723,67,23,90,1
6724,67,24,91,1
6725,67,25,92,1
6726,67,26,93,1
6727,67,27,94,1
6728,67,28,95,1
6729,67,29,96,1
6730,67,30,97,0
6731,67,31,98,0
6732,67,32,99,0
6733,67,33,100,2
6734,67,34,101,2
6735,67,35,102,2
6736,67,36,103,2
6737,67,37,104,2
6738,67,38,105,2
6739,67,39,106,2
6740,67,40,107,1
6741,67,41,108,1
6742,67,42,109,1
6743,67,43,110,2
6744,67,44,111,2
6745,67,45,112,2
6746,67,46,113,2
6747,67,47,114,2
6748,67,48,115,2
6749,67,49,116,2
6750,67,50,117,1
6751,67,51,118,1
6752,67,52,119,1
6753,67,53,120,2
6754,67,54,121,2
6755,67,55,122,2
6756,67,56,123,2
6757,67,57,124,2
6758,67,58,125,2
6759,67,59,126,2
6760,67,60,127,1
6761,67,61,128,1
6762,67,62,129,1
6763,67,63,130,2
6764,67,64,131,2
6765,67,65,132,2
6766,67,66,133,2
6767,67,67,134,2
6768,67,68,135,2
6769,67,69,136,2
6770,67,70,137,1
6771,67,71,138,1
6772,67,72,139,1
6773,67,73,140,2
6774,67,74,141,2
6775,67,75,142,2
6776,67,76,143,2
6777,67,77,144,2
6778,67,78,145,2
6779,67,79,146,2
6780,67,80,147,1
6781,67,81,148,1
6782,67,82,149,1
6783,67,83,150,2
6784,67,84,151,2
6785,67,85,152,2
6786,67,86,153,2
6787,67,87,154,2
6788,67,88,155,2
6789,67,89,156,2
6790,67,90,157,1
6791,67,91,158,1
6792,67,92,159,1
6793,67,93,160,2
6794,67,94,161,2
6795,67,95,162,2
6796,67,96,163,2
6797,67,97,164,2
6798,67,98,165,2
6799,67,99,166,2
6800,68,0,68,0
6801,68,1,69,0
6802,68,2,70,1
6803,68,3,71,1
6804,68,4,72,1
6805,68,5,73,1
6806,68,6,74,1
6807,68,7,75,1
6808,68,8,76,1
6809,68,9,77,1
6810,68,10,78,0
6811,68,11,79,0
6812,68,12,80,1
6813,68,13,81,1
6814,68,14,82,1
6815,68,15,83,1
6816,68,16,84,1
6817,68,17,85,1
6818,68,18,86,1
6819,68,19,87,1
6820,68,20,88,0
6821,68,21,89,0
6822,68,22,90,1
6823,68,23,91,1
6824,68,24,92,1
6825,68,25,93,1
6826,68,26,94,1
6827,68,27,95,1
6828,68,28,96,1
6829,68,29,97,1
6830,68,30,98,0
6831,68,31,99,0
6832,68,32,100,2
6833,68,33,101,2
6834,68,34,102,2
6835,68,35,103,2
6836,68,36,104,2
6837,68,37,105,2
6838,68,38,106,2
6839,68,39,107,2
6840,68,40,108,1
6841,68,41,109,1
6842,68,42,110,2
6843,68,43,111,2
6844,68,44,112,2
6845,68,45,113,2
6846,68,46,114,2
6847,68,47,115,2
6848,68,48,116,2
6849,68,49,117,2
6850,68,50,118,1
6851,68,51,119,1
6852,68,52,120,2
6853,68,53,121,2
6854,68,54,122,2
6855,68,55,123,2
6856,68,56,124,2
6857,68,57,125,2
6858,68,58,126,2
6859,68,59,127,2
6860,68,60,128,1
6861,68,61,129,1
6862,68,62,130,2
6863,68,63,131,2
6864,68,64,132,2
6865,68,65,133,2
6866,68,66,134,2
6867,68,67,135,2
6868,68,68,136,2
6869,68,69,137,2
6870,68,70,138,1
6871,68,71,139,1
6872,68,72,140,2
6873,68,73,141,2
6874,68,74,142,2
6875,68,75,143,2
6876,68,76,144,2
6877,68,77,145,2
6878,68,78,146,2
6879,68,79,147,2
6880,68,80,148,1
6881,68,81,149,1
6882,68,82,150,2
6883,68,83,151,2
6884,68,84,152,2
6885,68,85,153,2
6886,68,86,154,2
6887,68,87,155,2
6888,68,88,156,2
6889,68,89,157,2
6890,68,90,158,1
6891,68,91,159,1
6892,68,92,160,2
6893,68,93,161,2
6894,68,94,162,2
6895,68,95,163,2
6896,68,96,164,2
6897,68,97,165,2
6898,68,98,166,2
6899,68,99,167,2
6900,69,0,69,0
6901,69,1,70,1
6902,69,2,71,1
6903,69,3,72,1
6904,69,4,73,1
6905,69,5,74,1
6906,69,6,75,1
6907,69,7,76,1
6908,69,8,77,1
6909,69,9,78,1
6910,69,10,79,0
6911,69,11,80,1
6912,69,12,81,1
6913,69,13,82,1
6914,69,14,83,1
6915,69,15,84,1
6916,69,16,85,1
6917,69,17,86,1
6918,69,18,87,1
6919,69,19,88,1
6920,69,20,89,0
6921,69,21,90,1
6922,69,22,91,1
6923,69,23,92,1
6924,69,24,93,1
6925,69,25,94,1
6926,69,26,95,1
6927,69,27,96,1
6928,69,28,97,1
6929,69,29,98,1
6930,69,30,99,0
6931,69,31,100,2
6932,69,32,101,2
6933,69,33,102,2
6934,69,34,103,2
6935,69,35,104,2
6936,69,36,105,2
6937,69,37,106,2
6938,69,38,107,2
6939,69,39,108,2
6940,69,40,109,1
6941,69,41,110,2
6942,69,42,111,2
6943,69,43,112,2
6944,69,44,113,2
6945,69,45,114,2
6946,69,46,115,2
6947,69,47,116,2
6948,69,48,117,2
6949,69,49,118,2
6950,69,50,119,1
6951,69,51,120,2
6952,69,52,121,2
6953,69,53,122,2
6954,69,54,123,2
6955,69,55,124,2
6956,69,56,125,2
6957,69,57,126,2
6958,69,58,127,2
6959,69,59,128,2
6960,69,60,129,1
6961,69,61,130,2
6962,69,62,131,2
6963,69,63,132,2
6964,69,64,133,2
6965,69,65,134,2
6966,69,66,135,2
6967,69,67,136,2
6968,69,68,137,2
6969,69,69,138,2
6970,69,70,139,1
6971,69,71,140,2
6972,69,72,141,2
6973,69,73,142,2
6974,69,74,143,2
6975,69,75,144,2
6976,69,76,145,2
6977,69,77,146,2
6978,69,78,147,2
6979,69,79,148,2
6980,69,80,149,1
6981,69,81,150,2
6982,69,82,151,2
6983,69,83,152,2
6984,69,84,153,2
6985,69,85,154,2
6986,69,86,155,2
6987,69,87,156,2
6988,69,88,157,2
6989,69,89,158,2
6990,69,90,159,1
6991,69,91,160,2
6992,69,92,161,2
6993,69,93,162,2
6994,69,94,163,2
6995,69,95,164,2
6996,69,96,165,2
6997,69,97,166,2
6998,69,98,167,2
6999,69,99,168,2
7000,70,0,70,0
7001,70,1,71,0
7002,70,2,72,0
7003,70,3,73,0
7004,70,4,74,0
7005,70,5,75,0
7006,70,6,76,0
7007,70,7,77,0
7008,70,8,78,0
7009,70,9,79,0
7010,70,10,80,0
7011,70,11,81,0
7012,70,12,82,0
7013,70,13,83,0
7014,70,14,84,0
7015,70,15,85,0
7016,70,16,86,0
7017,70,17,87,0
7018,70,18,88,0
7019,70,19,89,0
7020,70,20,90,0
7021,70,21,91,0
7022,70,22,92,0
7023,70,23,93,0
7024,70,24,94,0
7025,70,25,95,0
7026,70,26,96,0
7027,70,27,97,0
7028,70,28,98,0
7029,70,29,99,0
7030,70,30,100,1
7031,70,31,101,1
7032,70,32,102,1
7033,70,33,103,1
7034,70,34,104,1
7035,70,35,105,1
7036,70,36,106,1
7037,70,37,107,1
7038,70,38,108,1
7039,70,39,109,1
7040,70,40,110,1
7041,70,41,111,1
7042,70,42,112,1
7043,70,43,113,1
7044,70,44,114,1
7045,70,45,115,1
7046,70,46,116,1
7047,70,47,117,1
7048,70,48,118,1
7049,70,49,119,1
7050,70,50,120,1
7051,70,51,121,1
7052,70,52,122,1
7053,70,53,123,1
7054,70,54,124,1
7055,70,55,125,1
7056,70,56,126,1
7057,70,57,127,1
7058,70,58,128,1
7059,70,59,129,1
7060,70,60,130,1
7061,70,61,131,1
7062,70,62,132,1
7063,70,63,133,1
7064,70,64,134,1
7065,70,65,135,1
7066,70,66,136,1
7067,70,67,137,1
7068,70,68,138,1
7069,70,69,139,1
7070,70,70,140,1
7071,70,71,141,1
7072,70,72,142,1
7073,70,73,143,1
7074,70,74,144,1
7075,70,75,145,1
7076,70,76,146,1
7077,70,77,147,1
7078,70,78,148,1
7079,70,79,149,1
7080,70,80,150,1
7081,70,81,151,1
7082,70,82,152,1
7083,70,83,153,1
7084,70,84,154,1
7085,70,85,155,1
7086,70,86,156,1
7087,70,87,157,1
7088,70,88,158,1
7089,70,89,159,1
7090,70,90,160,1
7091,70,91,161,1
7092,70,92,162,1
7093,70,93,163,1
7094,70,94,164,1
7095,70,95,165,1
7096,70,96,166,1
7097,70,97,167,1
7098,70,98,168,1
7099,70,99,169,1
7100,71,0,71,0
7101,71,1,72,0
7102,71,2,73,0
7103,71,3,74,0
7104,71,4,75,0
7105,71,5,76,0
7106,71,6,77,0
7107,71,7,78,0
7108,71,8,79,0
7109,71,9,80,1
7110,71,10,81,0
7111,71,11,82,0
7112,71,12,83,0
7113,71,13,84,0
7114,71,14,85,0
7115,71,15,86,0
7116,71,16,87,0
7117,71,17,88,0
7118,71,18,89,0
7119,71,19,90,1
7120,71,20,91,0
7121,71,21,92,0
7122,71,22,93,0
7123,71,23,94,0
7124,71,24,95,0
7125,71,25,96,0
7126,71,26,97,0
7127,71,27,98,0
7128,71,28,99,0
7129,71,29,100,2
7130,71,30,101,1
7131,71,31,102,1
7132,71,32,103,1
7133,71,33,104,1
7134,71,34,105,1
7135,71,35,106,1
7136,71,36,107,1
7137,71,37,108,1
7138,71,38,109,1
7139,71,39,110,2
7140,71,40,111,1
7141,71,41,112,1
7142,71,42,113,1
7143,71,43,114,1
7144,71,44,115,1
7145,71,45,116,1
7146,71,46,117,1
7147,71,47,118,1
7148,71,48,119,1
7149,71,49,120,2
7150,71,50,121,1
7151,71,51,122,1
7152,71,52,123,1
7153,71,53,124,1
7154,71,54,125,1
7155,71,55,126,1
7156,71,56,127,1
7157,71,57,128,1
7158,71,58,129,1
7159,71,59,130,2
7160,71,60,131,1
7161,71,61,132,1
7162,71,62,133,1
7163,71,63,134,1
7164,71,64,135,1
7165,71,65,136,1
7166,71,66,137,1
7167,71,67,138,1
7168,71,68,139,1
7169,71,69,140,2
7170,71,70,141,1
7171,71,71,142,1
7172,71,72,143,1
7173,71,73,144,1
7174,71,74,145,1
7175,71,75,146,1
7176,71,76,147,1
7177,71,77,148,1
7178,71,78,149,1
7179,71,79,150,2
7180,71,80,151,1
7181,71,81,152,1
7182,71,82,153,1
7183,71,83,154,1
7184,71,84,155,1
7185,71,85,156,1
7186,71,86,157,1
7187,71,87,158,1
7188,71,88,159,1
7189,71,89,160,2
7190,71,90,161,1
7191,71,91,162,1
7192,71,92,163,1
7193,71,93,164,1
7194,71,94,165,1
7195,71,95,166,1
7196,71,96,167,1
7197,71,97,168,1
7198,71,98,169,1
7199,71,99,170,2
7200,72,0,72,0
7201,72,1,73,0
7202,72,2,74,0
7203,72,3,75,0
7204,72,4,76,0
7205,72,5,77,0
7206,72,6,78,0
7207,72,7,79,0
7208,72,8,80,1
7209,72,9,81,1
7210,72,10,82,0
7211,72,11,83,0
7212,72,12,84,0
7213,72,13,85,0
7214,72,14,86,0
7215,72,15,87,0
7216,72,16,88,0
7217,72,17,89,0
7218,72,18,90,1
7219,72,19,91,1
7220,72,20,92,0
7221,72,21,93,0
7222,72,22,94,0
7223,72,23,95,0
7224,72,24,96,0
7225,72,25,97,0
7226,72,26,98,0
7227,72,27,99,0
7228,72,28,100,2
7229,72,29,101,2
7230,72,30,102,1
7231,72,31,103,1
7232,72,32,104,1
7233,72,33,105,1
7234,72,34,106,1
7235,72,35,107,1
7236,72,36,108,1
7237,72,37,109,1
7238,72,38,110,2
7239,72,39,111,2
7240,72,40,112,1
7241,72,41,113,1
7242,72,42,114,1
7243,72,43,115,1
7244,72,44,116,1
7245,72,45,117,1
7246,72,46,118,1
7247,72,47,119,1
7248,72,48,120,2
7249,72,49,121,2
7250,72,50,122,1
7251,72,51,123,1
7252,72,52,124,1
7253,72,53,125,1
7254,72,54,126,1
7255,72,55,127,1
7256,72,56,128,1
7257,72,57,129,1
7258,72,58,130,2
7259,72,59,131,2
7260,72,60,132,1
7261,72,61,133,1
7262,72,62,134,1
7263,72,63,135,1
7264,72,64,136,1
7265,72,65,137,1
7266,72,66,138,1
7267,72,67,139,1
7268,72,68,140,2
7269,72,69,141,2
7270,72,70,142,1
7271,72,71,143,1
7272,72,72,144,1
7273,72,73,145,1
7274,72,74,146,1
7275,72,75,147,1
7276,72,76,148,1
7277,72,77,149,1
7278,72,78,150,2
7279,72,79,151,2
7280,72,80,152,1
7281,72,81,153,1
7282,72,82,154,1
7283,72,83,155,1
7284,72,84,156,1
7285,72,85,157,1
7286,72,86,158,1
7287,72,87,159,1
7288,72,88,160,2
7289,72,89,161,2
7290,72,90,162,1
7291,72,91,163,1
7292,72,92,164,1
7293,72,93,165,1
7294,72,94,166,1
7295,72,95,167,1
7296,72,96,168,1
7297,72,97,169,1
7298,72,98,170,2
7299,72,99,171,2
7300,73,0,73,0
7301,73,1,74,0
7302,73,2,75,0
7303,73,3,76,0
7304,73,4,77,0
7305,73,5,78,0
7306,73,6,79,0
7307,73,7,80,1
7308,73,8,81,1
7309,73,9,82,1
7310,73,10,83,0
7311,73,11,84,0
7312,73,12,85,0
7313,73,13,86,0
7314,73,14,87,0
7315,73,15,88,0
7316,73,16,89,0
7317,73,17,90,1
7318,73,18,91,1
7319,73,19,92,1
7320,73,20,93,0
7321,73,21,94,0
7322,73,22,95,0
7323,73,23,96,0
7324,73,24,97,0
7325,73,25,98,0
7326,73,26,99,0
7327,73,27,100,2
7328,73,28,101,2
7329,73,29,102,2
7330,73,30,103,1
7331,73,31,104,1
7332,73,32,105,1
7333,73,33,106,1
7334,73,34,107,1
7335,73,35,108,1
7336,73,36,109,1
7337,73,37,110,2
7338,73,38,111,2
7339,73,39,112,2
7340,73,40,113,1
7341,73,41,114,1
7342,73,42,115,1
7343,73,43,116,1
7344,73,44,117,1
7345,73,45,118,1
7346,73,46,119,1
7347,73,47,120,2
7348,73,48,121,2
7349,73,49,122,2
7350,73,50,123,1
7351,73,51,124,1
7352,73,52,125,1
7353,73,53,126,1
7354,73,54,127,1
7355,73,55,128,1
7356,73,56,129,1
7357,73,57,130,2
7358,73,58,131,2
7359,73,59,132,2
7360,73,60,133,1
7361,73,61,134,1
7362,73,62,135,1
7363,73,63,136,1
7364,73,64,137,1
7365,73,65,138,1
7366,73,66,139,1
7367,73,67,140,2
7368,73,68,141,2
7369,73,69,142,2
7370,73,70,143,1
7371,73,71,144,1
7372,73,72,145,1
7373,73,73,146,1
7374,73,74,147,1
7375,73,75,148,1
7376,73,76,149,1
7377,73,77,150,2
7378,73,78,151,2
7379,73,79,152,2
7380,73,80,153,1
7381,73,81,154,1
7382,73,82,155,1
7383,73,83,156,1
7384,73,84,157,1
7385,73,85,158,1
7386,73,86,159,1
7387,73,87,160,2
7388,73,88,161,2
7389,73,89,162,2
7390,73,90,163,1
7391,73,91,164,1
7392,73,92,165,1
7393,73,93,166,1
7394,73,94,167,1
7395,73,95,168,1
7396,73,96,169,1
7397,73,97,170,2
7398,73,98,171,2
7399,73,99,172,2
7400,74,0,74,0
7401,74,1,75,0
7402,74,2,76,0
7403,74,3,77,0
7404,74,4,78,0
7405,74,5,79,0
7406,74,6,80,1
7407,74,7,81,1
7408,74,8,82,1
7409,74,9,83,1
7410,74,10,84,0
7411,74,11,85,0
7412,74,12,86,0
7413,74,13,87,0
7414,74,14,88,0
7415,74,15,89,0
7416,74,16,90,1
7417,74,17,91,1
7418,74,18,92,1
7419,74,19,93,1
7420,74,20,94,0
7421,74,21,95,0
7422,74,22,96,0
7423,74,23,97,0
7424,74,24,98,0
7425,74,25,99,0
7426,74,26,100,2
7427,74,27,101,2
7428,74,28,102,2
7429,74,29,103,2
7430,74,30,104,1
7431,74,31,105,1
7432,74,32,106,1
7433,74,33,107,1
7434,74,34,108,1
7435,74,35,109,1
7436,74,36,110,2
7437,74,37,111,2
7438,74,38,112,2
7439,74,39,113,2
7440,74,40,114,1
7441,74,41,115,1
7442,74,42,116,1
7443,74,43,117,1
7444,74,44,118,1
7445,74,45,119,1
7446,74,46,120,2
7447,74,47,121,2
7448,74,48,122,2
7449,74,49,123,2
7450,74,50,124,1
7451,74,51,125,1
7452,74,52,126,1
7453,74,53,127,1
7454,74,54,128,1
7455,74,55,129,1
7456,74,56,130,2
7457,74,57,131,2
7458,74,58,132,2
7459,74,59,133,2
7460,74,60,134,1
7461,74,61,135,1
7462,74,62,136,1
7463,74,63,137,1
7464,74,64,138,1
7465,74,65,139,1
7466,74,66,140,2
7467,74,67,141,2
7468,74,68,142,2
7469,74,69,143,2
7470,74,70,144,1
7471,74,71,145,1
7472,74,72,146,1
7473,74,73,147,1
7474,74,74,148,1
7475,74,75,149,1
7476,74,76,150,2
7477,74,77,151,2
7478,74,78,152,2
7479,74,79,153,2
7480,74,80,154,1
7481,74,81,155,1
7482,74,82,156,1
7483,74,83,157,1
7484,74,84,158,1
7485,74,85,159,1
7486,74,86,160,2
7487,74,87,161,2
7488,74,88,162,2
7489,74,89,163,2
7490,74,90,164,1
7491,74,91,165,1
7492,74,92,166,1
7493,74,93,167,1
7494,74,94,168,1
7495,74,95,169,1
7496,74,96,170,2
7497,74,97,171,2
7498,74,98,172,2
7499,74,99,173,2
7500,75,0,75,0
7501,75,1,76,0
7502,75,2,77,0
7503,75,3,78,0
7504,75,4,79,0
7505,75,5,80,1
7506,75,6,81,1
7507,75,7,82,1
7508,75,8,83,1
7509,75,9,84,1
7510,75,10,85,0
7511,75,11,86,0
7512,75,12,87,0
7513,75,13,88,0
7514,75,14,89,0
7515,75,15,90,1
7516,75,16,91,1
7517,75,17,92,1
7518,75,18,93,1
7519,75,19,94,1
7520,75,20,95,0
7521,75,21,96,0
7522,75,22,97,0
7523,75,23,98,0
7524,75,24,99,0
7525,75,25,100,2
7526,75,26,101,2
7527,75,27,102,2
7528,75,28,103,2
7529,75,29,104,2
7530,75,30,105,1
7531,75,31,106,1
7532,75,32,107,1
7533,75,33,108,1
7534,75,34,109,1
7535,75,35,110,2
7536,75,36,111,2
7537,75,37,112,2
7538,75,38,113,2
7539,75,39,114,2
7540,75,40,115,1
7541,75,41,116,1
7542,75,42,117,1
7543,75,43,118,1
7544,75,44,119,1
7545,75,45,120,2
7546,75,46,121,2
7547,75,47,122,2
7548,75,48,123,2
7549,75,49,124,2
7550,75,50,125,1
7551,75,51,126,1
7552,75,52,127,1
7553,75,53,128,1
7554,75,54,129,1
7555,75,55,130,2
7556,75,56,131,2
7557,75,57,132,2
7558,75,58,133,2
7559,75,59,134,2
7560,75,60,135,1
7561,75,61,136,1
7562,75,62,137,1
7563,75,63,138,1
7564,75,64,139,1
7565,75,65,140,2
7566,75,66,141,2
7567,75,67,142,2
7568,75,68,143,2
7569,75,69,144,2
7570,75,70,145,1
7571,75,71,146,1
7572,75,72,147,1
7573,75,73,148,1
7574,75,74,149,1
7575,75,75,150,2
7576,75,76,151,2
7577,75,77,152,2
7578,75,78,153,2
7579,75,79,154,2
7580,75,80,155,1
7581,75,81,156,1
7582,75,82,157,1
7583,75,83,158,1
7584,75,84,159,1
7585,75,85,160,2
7586,75,86,161,2
7587,75,87,162,2
7588,75,88,163,2
7589,75,89,164,2
7590,75,90,165,1
7591,75,91,166,1
7592,75,92,167,1
7593,75,93,168,1
7594,75,94,169,1
7595,75,95,170,2
7596,75,96,171,2
7597,75,97,172,2
7598,75,98,173,2
7599,75,99,174,2
7600,76,0,76,0
7601,76,1,77,0
7602,76,2,78,0
7603,76,3,79,0
7604,76,4,80,1
7605,76,5,81,1
7606,76,6,82,1
7607,76,7,83,1
7608,76,8,84,1
7609,76,9,85,1
7610,76,10,86,0
7611,76,11,87,0
7612,76,12,88,0
7613,76,13,89,0
7614,76,14,90,1
7615,76,15,91,1
7616,76,16,92,1
7617,76,17,93,1
7618,76,18,94,1
7619,76,19,95,1
7620,76,20,96,0
7621,76,21,97,0
7622,76,22,98,0
7623,76,23,99,0
7624,76,24,100,2
7625,76,25,101,2
7626,76,26,102,2
7627,76,27,103,2
7628,76,28,104,2
7629,76,29,105,2
7630,76,30,106,1
7631,76,31,107,1
7632,76,32,108,1
7633,76,33,109,1
7634,76,34,110,2
7635,76,35,111,2
7636,76,36,112,2
7637,76,37,113,2
7638,76,38,114,2
7639,76,39,115,2
7640,76,40,116,1
7641,76,41,117,1
7642,76,42,118,1
7643,76,43,119,1
7644,76,44,120,2
7645,76,45,121,2
7646,76,46,122,2
7647,76,47,123,2
7648,76,48,124,2
7649,76,49,125,2
7650,76,50,126,1
7651,76,51,127,1
7652,76,52,128,1
7653,76,53,129,1
7654,76,54,130,2
7655,76,55,131,2
7656,76,56,132,2
7657,76,57,133,2
7658,76,58,134,2
7659,76,59,135,2
7660,76,60,136,1
7661,76,61,137,1
7662,76,62,138,1
7663,76,63,139,1
7664,76,64,140,2
7665,76,65,141,2
7666,76,66,142,2
7667,76,67,143,2
7668,76,68,144,2
7669,76,69,145,2
7670,76,70,146,1
7671,76,71,147,1
7672,76,72,148,1
7673,76,73,149,1
7674,76,74,150,2
7675,76,75,151,2
7676,76,76,152,2
7677,76,77,153,2
7678,76,78,154,2
7679,76,79,155,2
7680,76,80,156,1
7681,76,81,157,1
7682,76,82,158,1
7683,76,83,159,1
7684,76,84,160,2
7685,76,85,161,2
7686,76,86,162,2
7687,76,87,163,2
7688,76,88,164,2
7689,76,89,165,2
7690,76,90,166,1
7691,76,91,167,1
7692,76,92,168,1
7693,76,93,169,1
7694,76,94,170,2
7695,76,95,171,2
7696,76,96,172,2
7697,76,97,173,2
7698,76,98,174,2
7699,76,99,175,2
7700,77,0,77,0
7701,77,1,78,0
7702,77,2,79,0
7703,77,3,80,1
7704,77,4,81,1
7705,77,5,82,1
7706,77,6,83,1
7707,77,7,84,1
7708,77,8,85,1
7709,77,9,86,1
7710,77,10,87,0
7711,77,11,88,0
7712,77,12,89,0
7713,77,13,90,1
7714,77,14,91,1
7715,77,15,92,1
7716,77,16,93,1
7717,77,17,94,1
7718,77,18,95,1
7719,77,19,96,1
7720,77,20,97,0
7721,77,21,98,0
7722,77,22,99,0
7723,77,23,100,2
7724,77,24,101,2
7725,77,25,102,2
7726,77,26,103,2
7727,77,27,104,2
7728,77,28,105,2
7729,77,29,106,2
7730,77,30,107,1
7731,77,31,108,1
7732,77,32,109,1
7733,77,33,110,2
7734,77,34,111,2
7735,77,35,112,2
7736,77,36,113,2
7737,77,37,114,2
7738,77,38,115,2
7739,77,39,116,2
7740,77,40,117,1
7741,77,41,118,1
7742,77,42,119,1
7743,77,43,120,2
7744,77,44,121,2
7745,77,45,122,2
7746,77,46,123,2
7747,77,47,124,2
7748,77,48,125,2
7749,77,49,126,2
7750,77,50,127,1
7751,77,51,128,1
7752,77,52,129,1
7753,77,53,130,2
7754,77,54,131,2
7755,77,55,132,2
7756,77,56,133,2
7757,77,57,134,2
7758,77,58,135,2
7759,77,59,136,2
7760,77,60,137,1
7761,77,61,138,1
7762,77,62,139,1
7763,77,63,140,2
7764,77,64,141,2
7765,77,65,142,2
7766,77,66,143,2
7767,77,67,144,2
7768,77,68,145,2
7769,77,69,146,2
7770,77,70,147,1
7771,77,71,148,1
7772,77,72,149,1
7773,77,73,150,2
7774,77,74,151,2
7775,77,75,152,2
7776,77,76,153,2
7777,77,77,154,2
7778,77,78,155,2
7779,77,79,156,2
7780,77,80,157,1
7781,77,81,158,1
7782,77,82,159,1
7783,77,83,160,2
7784,77,84,161,2
7785,77,85,162,2
7786,77,86,163,2
7787,77,87,164,2
7788,77,88,165,2
7789,77,89,166,2
7790,77,90,167,1
7791,77,91,168,1
7792,77,92,169,1
7793,77,93,170,2
7794,77,94,171,2
7795,77,95,172,2
7796,77,96,173,2
7797,77,97,174,2
7798,77,98,175,2
7799,77,99,176,2
7800,78,0,78,0
7801,78,1,79,0
7802,78,2,80,1
7803,78,3,81,1
7804,78,4,82,1
7805,78,5,83,1
7806,78,6,84,1
7807,78,7,85,1
7808,78,8,86,1
7809,78,9,87,1
7810,78,10,88,0
7811,78,11,89,0
7812,78,12,90,1
7813,78,13,91,1
7814,78,14,92,1
7815,78,15,93,1
7816,78,16,94,1
7817,78,17,95,1
7818,78,18,96,1
7819,78,19,97,1
7820,78,20,98,0
7821,78,21,99,0
7822,78,22,100,2
7823,78,23,101,2
7824,78,24,102,2
7825,78,25,103,2
7826,78,26,104,2
7827,78,27,105,2
7828,78,28,106,2
7829,78,29,107,2
7830,78,30,108,1
7831,78,31,109,1
7832,78,32,110,2
7833,78,33,111,2
7834,78,34,112,2
7835,78,35,113,2
7836,78,36,114,2
7837,78,37,115,2
7838,78,38,116,2
7839,78,39,117,2
7840,78,40,118,1
7841,78,41,119,1
7842,78,42,120,2
7843,78,43,121,2
7844,78,44,122,2
7845,78,45,123,2
7846,78,46,124,2
7847,78,47,125,2
7848,78,48,126,2
7849,78,49,127,2
7850,78,50,128,1
7851,78,51,129,1
7852,78,52,130,2
7853,78,53,131,2
7854,78,54,132,2
7855,78,55,133,2
7856,78,56,134,2
7857,78,57,135,2
7858,78,58,136,2
7859,78,59,137,2
7860,78,60,138,1
7861,78,61,139,1
7862,78,62,140,2
7863,78,63,141,2
7864,78,64,142,2
7865,78,65,143,2
7866,78,66,144,2
7867,78,67,145,2
7868,78,68,146,2
7869,78,69,147,2
7870,78,70,148,1
7871,78,71,149,1
7872,78,72,150,2
7873,78,73,151,2
7874,78,74,152,2
7875,78,75,153,2
7876,78,76,154,2
7877,78,77,155,2
7878,78,78,156,2
7879,78,79,157,2
7880,78,80,158,1
7881,78,81,159,1
7882,78,82,160,2
7883,78,83,161,2
7884,78,84,162,2
7885,78,85,163,2
7886,78,86,164,2
7887,78,87,165,2
7888,78,88,166,2
7889,78,89,167,2
7890,78,90,168,1
7891,78,91,169,1
7892,78,92,170,2
7893,78,93,171,2
7894,78,94,172,2
7895,78,95,173,2
7896,78,96,174,2
7897,78,97,175,2
7898,78,98,176,2
7899,78,99,177,2
7900,79,0,79,0
7901,79,1,80,1
7902,79,2,81,1
7903,79,3,82,1
7904,79,4,83,1
7905,79,5,84,1
7906,79,6,85,1
7907,79,7,86,1
7908,79,8,87,1
7909,79,9,88,1
7910,79,10,89,0
7911,79,11,90,1
7912,79,12,91,1
7913,79,13,92,1
7914,79,14,93,1
7915,79,15,94,1
7916,79,16,95,1
7917,79,17,96,1
7918,79,18,97,1
7919,79,19,98,1
7920,79,20,99,0
7921,79,21,100,2
7922,79,22,101,2
7923,79,23,102,2
7924,79,24,103,2
7925,79,25,104,2
7926,79,26,105,2
7927,79,27,106,2
7928,79,28,107,2
7929,79,29,108,2
7930,79,30,109,1
7931,79,31,110,2
7932,79,32,111,2
7933,79,33,112,2
7934,79,34,113,2
7935,79,35,114,2
7936,79,36,115,2
7937,79,37,116,2
7938,79,38,117,2
7939,79,39,118,2
7940,79,40,119,1
7941,79,41,120,2
7942,79,42,121,2
7943,79,43,122,2
7944,79,44,123,2
7945,79,45,124,2
7946,79,46,125,2
7947,79,47,126,2
7948,79,48,127,2
7949,79,49,128,2
7950,79,50,129,1
7951,79,51,130,2
7952,79,52,131,2
7953,79,53,132,2
7954,79,54,133,2
7955,79,55,134,2
7956,79,56,135,2
7957,79,57,136,2
7958,79,58,137,2
7959,79,59,138,2
7960,79,60,139,1
7961,79,61,140,2
7962,79,62,141,2
7963,79,63,142,2
7964,79,64,143,2
7965,79,65,144,2
7966,79,66,145,2
7967,79,67,146,2
7968,79,68,147,2
7969,79,69,148,2
7970,79,70,149,1
7971,79,71,150,2
7972,79,72,151,2
7973,79,73,152,2
7974,79,74,153,2
7975,79,75,154,2
7976,79,76,155,2
7977,79,77,156,2
7978,79,78,157,2
7979,79,79,158,2
7980,79,80,159,1
7981,79,81,160,2
7982,79,82,161,2
7983,79,83,162,2
7984,79,84,163,2
7985,79,85,164,2
7986,79,86,165,2
7987,79,87,166,2
7988,79,88,167,2
7989,79,89,168,2
7990,79,90,169,1
7991,79,91,170,2
7992,79,92,171,2
7993,79,93,172,2
7994,79,94,173,2
7995,79,95,174,2
7996,79,96,175,2
7997,79,97,176,2
7998,79,98,177,2
7999,79,99,178,2
8000,80,0,80,0
8001,80,1,81,0
8002,80,2,82,0
8003,80,3,83,0
8004,80,4,84,0
8005,80,5,85,0
8006,80,6,86,0
8007,80,7,87,0
8008,80,8,88,0
8009,80,9,89,0
8010,80,10,90,0
8011,80,11,91,0
8012,80,12,92,0
8013,80,13,93,0
8014,80,14,94,0
8015,80,15,95,0
8016,80,16,96,0
8017,80,17,97,0
8018,80,18,98,0
8019,80,19,99,0
8020,80,20,100,1
8021,80,21,101,1
8022,80,22,102,1
8023,80,23,103,1
8024,80,24,104,1
8025,80,25,105,1
8026,80,26,106,1
8027,80,27,107,1
8028,80,28,108,1
8029,80,29,109,1
8030,80,30,110,1
8031,80,31,111,1
8032,80,32,112,1
8033,80,33,113,1
8034,80,34,114,1
8035,80,35,115,1
8036,80,36,116,1
8037,80,37,117,1
8038,80,38,118,1
8039,80,39,119,1
8040,80,40,120,1
8041,80,41,121,1
8042,80,42,122,1
8043,80,43,123,1
8044,80,44,124,1
8045,80,45,125,1
8046,80,46,126,1
8047,80,47,127,1
8048,80,48,128,1
8049,80,49,129,1
8050,80,50,130,1
8051,80,51,131,1
8052,80,52,132,1
8053,80,53,133,1
8054,80,54,134,1
8055,80,55,135,1
8056,80,56,136,1
8057,80,57,137,1
8058,80,58,138,1
8059,80,59,139,1
8060,80,60,140,1
8061,80,61,141,1
8062,80,62,142,1
8063,80,63,143,1
8064,80,64,144,1
8065,80,65,145,1
8066,80,66,146,1
8067,80,67,147,1
8068,80,68,148,1
8069,80,69,149,1
8070,80,70,150,1
8071,80,71,151,1
8072,80,72,152,1
8073,80,73,153,1
8074,80,74,154,1
8075,80,75,155,1
8076,80,76,156,1
8077,80,77,157,1
8078,80,78,158,1
8079,80,79,159,1
8080,80,80,160,1
8081,80,81,161,1
8082,80,82,162,1
8083,80,83,163,1
8084,80,84,164,1
8085,80,85,165,1
8086,80,86,166,1
8087,80,87,167,1
8088,80,88,168,1
8089,80,89,169,1
8090,80,90,170,1
8091,80,91,171,1
8092,80,92,172,1
8093,80,93,173,1
8094,80,94,174,1
8095,80,95,175,1
8096,80,96,176,1
8097,80,97,177,1
8098,80,98,178,1
8099,80,99,179,1
8100,81,0,81,0
8101,81,1,82,0
8102,81,2,83,0
8103,81,3,84,0
8104,81,4,85,0
8105,81,5,86,0
8106,81,6,87,0
8107,81,7,88,0
8108,81,8,89,0
8109,81,9,90,1
8110,81,10,91,0
8111,81,11,92,0
8112,81,12,93,0
8113,81,13,94,0
8114,81,14,95,0
8115,81,15,96,0
8116,81,16,97,0
8117,81,17,98,0
8118,81,18,99,0
8119,81,19,100,2
8120,81,20,101,1
8121,81,21,102,1
8122,81,22,103,1
8123,81,23,104,1
8124,81,24,105,1
8125,81,25,106,1
8126,81,26,107,1
8127,81,27,108,1
8128,81,28,109,1
8129,81,29,110,2
8130,81,30,111,1
8131,81,31,112,1
8132,81,32,113,1
8133,81,33,114,1
8134,81,34,115,1
8135,81,35,116,1
8136,81,36,117,1
8137,81,37,118,1
8138,81,38,119,1
8139,81,39,120,2
8140,81,40,121,1
8141,81,41,122,1
8142,81,42,123,1
8143,81,43,124,1
8144,81,44,125,1
8145,81,45,126,1
8146,81,46,127,1
8147,81,47,128,1
8148,81,48,129,1
8149,81,49,130,2
8150,81,50,131,1
8151,81,51,132,1
8152,81,52,133,1
8153,81,53,134,1
8154,81,54,135,1
8155,81,55,136,1
8156,81,56,137,1
8157,81,57,138,1
8158,81,58,139,1
8159,81,59,140,2
8160,81,60,141,1
8161,81,61,142,1
8162,81,62,143,1
8163,81,63,144,1
8164,81,64,145,1
8165,81,65,146,1
8166,81,66,147,1
8167,81,67,148,1
8168,81,68,149,1
8169,81,69,150,2
8170,81,70,151,1
8171,81,71,152,1
8172,81,72,153,1
8173,81,73,154,1
8174,81,74,155,1
8175,81,75,156,1
8176,81,76,157,1
8177,81,77,158,1
8178,81,78,159,1
8179,81,79,160,2
8180,81,80,161,1
8181,81,81,162,1
8182,81,82,163,1
8183,81,83,164,1
8184,81,84,165,1
8185,81,85,166,1
8186,81,86,167,1
8187,81,87,168,1
8188,81,88,169,1
8189,81,89,170,2
8190,81,90,171,1
8191,81,91,172,1
8192,81,92,173,1
8193,81,93,174,1
8194,81,94,175,1
8195,81,95,176,1
8196,81,96,177,1
8197,81,97,178,1
8198,81,98,179,1
8199,81,99,180,2
8200,82,0,82,0
8201,82,1,83,0
8202,82,2,84,0
8203,82,3,85,0
8204,82,4,86,0
8205,82,5,87,0
8206,82,6,88,0
8207,82,7,89,0
8208,82,8,90,1
8209,82,9,91,1
8210,82,10,92,0
8211,82,11,93,0
8212,82,12,94,0
8213,82,13,95,0
8214,82,14,96,0
8215,82,15,97,0
8216,82,16,98,0
8217,82,17,99,0
8218,82,18,100,2
8219,82,19,101,2
8220,82,20,102,1
8221,82,21,103,1
8222,82,22,104,1
8223,82,23,105,1
8224,82,24,106,1
8225,82,25,107,1
8226,82,26,108,1
8227,82,27,109,1
8228,82,28,110,2
8229,82,29,111,2
8230,82,30,112,1
8231,82,31,113,1
8232,82,32,114,1
8233,82,33,115,1
8234,82,34,116,1
8235,82,35,117,1
8236,82,36,118,1
8237,82,37,119,1
8238,82,38,120,2
8239,82,39,121,2
8240,82,40,122,1
8241,82,41,123,1
8242,82,42,124,1
8243,82,43,125,1
8244,82,44,126,1
8245,82,45,127,1
8246,82,46,128,1
8247,82,47,129,1
8248,82,48,130,2
8249,82,49,131,2
8250,82,50,132,1
8251,82,51,133,1
8252,82,52,134,1
8253,82,53,135,1
8254,82,54,136,1
8255,82,55,137,1
8256,82,56,138,1
8257,82,57,139,1
8258,82,58,140,2
8259,82,59,141,2
8260,82,60,142,1
8261,82,61,143,1
8262,82,62,144,1
8263,82,63,145,1
8264,82,64,146,1
8265,82,65,147,1
8266,82,66,148,1
8267,82,67,149,1
8268,82,68,150,2
8269,82,69,151,2
8270,82,70,152,1
8271,82,71,153,1
8272,82,72,154,1
8273,82,73,155,1
8274,82,74,156,1
8275,82,75,157,1
8276,82,76,158,1
8277,82,77,159,1
8278,82,78,160,2
8279,82,79,161,2
8280,82,80,162,1
8281,82,81,163,1
8282,82,82,164,1
8283,82,83,165,1
8284,82,84,166,1
8285,82,85,167,1
8286,82,86,168,1
8287,82,87,169,1
8288,82,88,170,2
8289,82,89,171,2
8290,82,90,172,1
8291,82,91,173,1
8292,82,92,174,1
8293,82,93,175,1
8294,82,94,176,1
8295,82,95,177,1
8296,82,96,178,1
8297,82,97,179,1
8298,82,98,180,2
8299,82,99,181,2
8300,83,0,83,0
8301,83,1,84,0
8302,83,2,85,0
8303,83,3,86,0
8304,83,4,87,0
8305,83,5,88,0
8306,83,6,89,0
8307,83,7,90,1
8308,83,8,91,1
8309,83,9,92,1
8310,83,10,93,0
8311,83,11,94,0
8312,83,12,95,0
8313,83,13,96,0
8314,83,14,97,0
8315,83,15,98,0
8316,83,16,99,0
8317,83,17,100,2
8318,83,18,101,2
8319,83,19,102,2
8320,83,20,103,1
8321,83,21,104,1
8322,83,22,105,1
8323,83,23,106,1
8324,83,24,107,1
8325,83,25,108,1
8326,83,26,109,1
8327,83,27,110,2
8328,83,28,111,2
8329,83,29,112,2
8330,83,30,113,1
8331,83,31,114,1
8332,83,32,115,1
8333,83,33,116,1
8334,83,34,117,1
8335,83,35,118,1
8336,83,36,119,1
8337,83,37,120,2
8338,83,38,121,2
8339,83,39,122,2
8340,83,40,123,1
8341,83,41,124,1
8342,83,42,125,1
8343,83,43,126,1
8344,83,44,127,1
8345,83,45,128,1
8346,83,46,129,1
8347,83,47,130,2
8348,83,48,131,2
8349,83,49,132,2
8350,83,50,133,1
8351,83,51,134,1
8352,83,52,135,1
8353,83,53,136,1
8354,83,54,137,1
8355,83,55,138,1
8356,83,56,139,1
8357,83,57,140,2
8358,83,58,141,2
8359,83,59,142,2
8360,83,60,143,1
8361,83,61,144,1
8362,83,62,145,1
8363,83,63,146,1
8364,83,64,147,1
8365,83,65,148,1
8366,83,66,149,1
8367,83,67,150,2
8368,83,68,151,2
8369,83,69,152,2
8370,83,70,153,1
8371,83,71,154,1
8372,83,72,155,1
8373,83,73,156,1
8374,83,74,157,1
8375,83,75,158,1
8376,83,76,159,1
8377,83,77,160,2
8378,83,78,161,2
8379,83,79,162,2
8380,83,80,163,1
8381,83,81,164,1
8382,83,82,165,1
8383,83,83,166,1
8384,83,84,167,1
8385,83,85,168,1
8386,83,86,169,1
8387,83,87,170,2
8388,83,88,171,2
8389,83,89,172,2
8390,83,90,173,1
8391,83,91,174,1
8392,83,92,175,1
8393,83,93,176,1
8394,83,94,177,1
8395,83,95,178,1
8396,83,96,179,1
8397,83,97,180,2
8398,83,98,181,2
8399,83,99,182,2
8400,84,0,84,0
8401,84,1,85,0
8402,84,2,86,0
8403,84,3,87,0
8404,84,4,88,0
8405,84,5,89,0
8406,84,6,90,1
8407,84,7,91,1
8408,84,8,92,1
8409,84,9,93,1
8410,84,10,94,0
8411,84,11,95,0
8412,84,12,96,0
8413,84,13,97,0
8414,84,14,98,0
8415,84,15,99,0
8416,84,16,100,2
8417,84,17,101,2
8418,84,18,102,2
8419,84,19,103,2
8420,84,20,104,1
8421,84,21,105,1
8422,84,22,106,1
8423,84,23,107,1
8424,84,24,108,1
8425,84,25,109,1
8426,84,26,110,2
8427,84,27,111,2
8428,84,28,112,2
8429,84,29,113,2
8430,84,30,114,1
8431,84,31,115,1
8432,84,32,116,1
8433,84,33,117,1
8434,84,34,118,1
8435,84,35,119,1
8436,84,36,120,2
8437,84,37,121,2
8438,84,38,122,2
8439,84,39,123,2
8440,84,40,124,1
8441,84,41,125,1
8442,84,42,126,1
8443,84,43,127,1
8444,84,44,128,1
8445,84,45,129,1
8446,84,46,130,2
8447,84,47,131,2
8448,84,48,132,2
8449,84,49,133,2
8450,84,50,134,1
8451,84,51,135,1
8452,84,52,136,1
8453,84,53,137,1
8454,84,54,138,1
8455,84,55,139,1
8456,84,56,140,2
8457,84,57,141,2
8458,84,58,142,2
8459,84,59,143,2
8460,84,60,144,1
8461,84,61,145,1
8462,84,62,146,1
8463,84,63,147,1
8464,84,64,148,1
8465,84,65,149,1
8466,84,66,150,2
8467,84,67,151,2
8468,84,68,152,2
8469,84,69,153,2
8470,84,70,154,1
8471,84,71,155,1
8472,84,72,156,1
8473,84,73,157,1
8474,84,74,158,1
8475,84,75,159,1
8476,84,76,160,2
8477,84,77,161,2
8478,84,78,162,2
8479,84,79,163,2
8480,84,80,164,1
8481,84,81,165,1
8482,84,82,166,1
8483,84,83,167,1
8484,84,84,168,1
8485,84,85,169,1
8486,84,86,170,2
8487,84,87,171,2
8488,84,88,172,2
8489,84,89,173,2
8490,84,90,174,1
8491,84,91,175,1
8492,84,92,176,1
8493,84,93,177,1
8494,84,94,178,1
8495,84,95,179,1
8496,84,96,180,2
8497,84,97,181,2
8498,84,98,182,2
8499,84,99,183,2
8500,85,0,85,0
8501,85,1,86,0
8502,85,2,87,0
8503,85,3,88,0
8504,85,4,89,0
8505,85,5,90,1
8506,85,6,91,1
8507,85,7,92,1
8508,85,8,93,1
8509,85,9,94,1
8510,85,10,95,0
8511,85,11,96,0
8512,85,12,97,0
8513,85,13,98,0
8514,85,14,99,0
8515,85,15,100,2
8516,85,16,101,2
8517,85,17,102,2
8518,85,18,103,2
8519,85,19,104,2
8520,85,20,105,1
8521,85,21,106,1
8522,85,22,107,1
8523,85,23,108,1
8524,85,24,109,1
8525,85,25,110,2
8526,85,26,111,2
8527,85,27,112,2
8528,85,28,113,2
8529,85,29,114,2
8530,85,30,115,1
8531,85,31,116,1
8532,85,32,117,1
8533,85,33,118,1
8534,85,34,119,1
8535,85,35,120,2
8536,85,36,121,2
8537,85,37,122,2
8538,85,38,123,2
8539,85,39,124,2
8540,85,40,125,1
8541,85,41,126,1
8542,85,42,127,1
8543,85,43,128,1
8544,85,44,129,1
8545,85,45,130,2
8546,85,46,131,2
8547,85,47,132,2
8548,85,48,133,2
8549,85,49,134,2
8550,85,50,135,1
8551,85,51,136,1
8552,85,52,137,1
8553,85,53,138,1
8554,85,54,139,1
8555,85,55,140,2
8556,85,56,141,2
8557,85,57,142,2
8558,85,58,143,2
8559,85,59,144,2
8560,85,60,145,1
8561,85,61,146,1
8562,85,62,147,1
8563,85,63,148,1
8564,85,64,149,1
8565,85,65,150,2
8566,85,66,151,2
8567,85,67,152,2
8568,85,68,153,2
8569,85,69,154,2
8570,85,70,155,1
8571,85,71,156,1
8572,85,72,157,1
8573,85,73,158,1
8574,85,74,159,1
8575,85,75,160,2
8576,85,76,161,2
8577,85,77,162,2
8578,85,78,163,2
8579,85,79,164,2
8580,85,80,165,1
8581,85,81,166,1
8582,85,82,167,1
8583,85,83,168,1
8584,85,84,169,1
8585,85,85,170,2
8586,85,86,171,2
8587,85,87,172,2
8588,85,88,173,2
8589,85,89,174,2
8590,85,90,175,1
8591,85,91,176,1
8592,85,92,177,1
8593,85,93,178,1
8594,85,94,179,1
8595,85,95,180,2
8596,85,96,181,2
8597,85,97,182,2
8598,85,98,183,2
8599,85,99,184,2
8600,86,0,86,0
8601,86,1,87,0
8602,86,2,88,0
8603,86,3,89,0
8604,86,4,90,1
8605,86,5,91,1
8606,86,6,92,1
8607,86,7,93,1
8608,86,8,94,1
8609,86,9,95,1
8610,86,10,96,0
8611,86,11,97,0
8612,86,12,98,0
8613,86,13,99,0
8614,86,14,100,2
8615,86,15,101,2
8616,86,16,102,2
8617,86,17,103,2
8618,86,18,104,2
8619,86,19,105,2
8620,86,20,106,1
8621,86,21,107,1
8622,86,22,108,1
8623,86,23,109,1
8624,86,24,110,2
8625,86,25,111,2
8626,86,26,112,2
8627,86,27,113,2
8628,86,28,114,2
8629,86,29,115,2
8630,86,30,116,1
8631,86,31,117,1
8632,86,32,118,1
8633,86,33,119,1
8634,86,34,120,2
8635,86,35,121,2
8636,86,36,122,2
8637,86,37,123,2
8638,86,38,124,2
8639,86,39,125,2
8640,86,40,126,1
8641,86,41,127,1
8642,86,42,128,1
8643,86,43,129,1
8644,86,44,130,2
8645,86,45,131,2
8646,86,46,132,2
8647,86,47,133,2
8648,86,48,134,2
8649,86,49,135,2
8650,86,50,136,1
8651,86,51,137,1
8652,86,52,138,1
8653,86,53,139,1
8654,86,54,140,2
8655,86,55,141,2
8656,86,56,142,2
8657,86,57,143,2
8658,86,58,144,2
8659,86,59,145,2
8660,86,60,146,1
8661,86,61,147,1
8662,86,62,148,1
8663,86,63,149,1
8664,86,64,150,2
8665,86,65,151,2
8666,86,66,152,2
8667,86,67,153,2
8668,86,68,154,2
8669,86,69,155,2
8670,86,70,156,1
8671,86,71,157,1
8672,86,72,158,1
8673,86,73,159,1
8674,86,74,160,2
8675,86,75,161,2
8676,86,76,162,2
8677,86,77,163,2
8678,86,78,164,2
8679,86,79,165,2
8680,86,80,166,1
8681,86,81,167,1
8682,86,82,168,1
8683,86,83,169,1
8684,86,84,170,2
8685,86,85,171,2
8686,86,86,172,2
8687,86,87,173,2
8688,86,88,174,2
8689,86,89,175,2
8690,86,90,176,1
8691,86,91,177,1
8692,86,92,178,1
8693,86,93,179,1
8694,86,94,180,2
8695,86,95,181,2
8696,86,96,182,2
8697,86,97,183,2
8698,86,98,184,2
8699,86,99,185,2
8700,87,0,87,0
8701,87,1,88,0
8702,87,2,89,0
8703,87,3,90,1
8704,87,4,91,1
8705,87,5,92,1
8706,87,6,93,1
8707,87,7,94,1
8708,87,8,95,1
8709,87,9,96,1
8710,87,10,97,0
8711,87,11,98,0
8712,87,12,99,0
8713,87,13,100,2
8714,87,14,101,2
8715,87,15,102,2
8716,87,16,103,2
8717,87,17,104,2
8718,87,18,105,2
8719,87,19,106,2
8720,87,20,107,1
8721,87,21,108,1
8722,87,22,109,1
8723,87,23,110,2
8724,87,24,111,2
8725,87,25,112,2
8726,87,26,113,2
8727,87,27,114,2
8728,87,28,115,2
8729,87,29,116,2
8730,87,30,117,1
8731,87,31,118,1
8732,87,32,119,1
8733,87,33,120,2
8734,87,34,121,2
8735,87,35,122,2
8736,87,36,123,2
8737,87,37,124,2
8738,87,38,125,2
8739,87,39,126,2
8740,87,40,127,1
8741,87,41,128,1
8742,87,42,129,1
8743,87,43,130,2
8744,87,44,131,2
8745,87,45,132,2
8746,87,46,133,2
8747,87,47,134,2
8748,87,48,135,2
8749,87,49,136,2
8750,87,50,137,1
8751,87,51,138,1
8752,87,52,139,1
8753,87,53,140,2
8754,87,54,141,2
8755,87,55,142,2
8756,87,56,143,2
8757,87,57,144,2
8758,87,58,145,2
8759,87,59,146,2
8760,87,60,147,1
8761,87,61,148,1
8762,87,62,149,1
8763,87,63,150,2
8764,87,64,151,2
8765,87,65,152,2
8766,87,66,153,2
8767,87,67,154,2
8768,87,68,155,2
8769,87,69,156,2
8770,87,70,157,1
8771,87,71,158,1
8772,87,72,159,1
8773,87,73,160,2
8774,87,74,161,2
8775,87,75,162,2
8776,87,76,163,2
8777,87,77,164,2
8778,87,78,165,2
8779,87,79,166,2
8780,87,80,167,1
8781,87,81,168,1
8782,87,82,169,1
8783,87,83,170,2
8784,87,84,171,2
8785,87,85,172,2
8786,87,86,173,2
8787,87,87,174,2
8788,87,88,175,2
8789,87,89,176,2
8790,87,90,177,1
8791,87,91,178,1
8792,87,92,179,1
8793,87,93,180,2
8794,87,94,181,2
8795,87,95,182,2
8796,87,96,183,2
8797,87,97,184,2
8798,87,98,185,2
8799,87,99,186,2
8800,88,0,88,0
8801,88,1,89,0
8802,88,2,90,1
8803,88,3,91,1
8804,88,4,92,1
8805,88,5,93,1
8806,88,6,94,1
8807,88,7,95,1
8808,88,8,96,1
8809,88,9,97,1
8810,88,10,98,0
8811,88,11,99,0
8812,88,12,100,2
8813,88,13,101,2
8814,88,14,102,2
8815,88,15,103,2
8816,88,16,104,2
8817,88,17,105,2
8818,88,18,106,2
8819,88,19,107,2
8820,88,20,108,1
8821,88,21,109,1
8822,88,22,110,2
8823,88,23,111,2
8824,88,24,112,2
8825,88,25,113,2
8826,88,26,114,2
8827,88,27,115,2
8828,88,28,116,2
8829,88,29,117,2
8830,88,30,118,1
8831,88,31,119,1
8832,88,32,120,2
8833,88,33,121,2
8834,88,34,122,2
8835,88,35,123,2
8836,88,36,124,2
8837,88,37,125,2
8838,88,38,126,2
8839,88,39,127,2
8840,88,40,128,1
8841,88,41,129,1
8842,88,42,130,2
8843,88,43,131,2
8844,88,44,132,2
8845,88,45,133,2
8846,88,46,134,2
8847,88,47,135,2
8848,88,48,136,2
8849,88,49,137,2
8850,88,50,138,1
8851,88,51,139,1
8852,88,52,140,2
8853,88,53,141,2
8854,88,54,142,2
8855,88,55,143,2
8856,88,56,144,2
8857,88,57,145,2
8858,88,58,146,2
8859,88,59,147,2
8860,88,60,148,1
8861,88,61,149,1
8862,88,62,150,2
8863,88,63,151,2
8864,88,64,152,2
8865,88,65,153,2
8866,88,66,154,2
8867,88,67,155,2
8868,88,68,156,2
8869,88,69,157,2
8870,88,70,158,1
8871,88,71,159,1
8872,88,72,160,2
8873,88,73,161,2
8874,88,74,162,2
8875,88,75,163,2
8876,88,76,164,2
8877,88,77,165,2
8878,88,78,166,2
8879,88,79,167,2
8880,88,80,168,1
8881,88,81,169,1
8882,88,82,170,2
8883,88,83,171,2
8884,88,84,172,2
8885,88,85,173,2
8886,88,86,174,2
8887,88,87,175,2
8888,88,88,176,2
8889,88,89,177,2
8890,88,90,178,1
8891,88,91,179,1
8892,88,92,180,2
8893,88,93,181,2
8894,88,94,182,2
8895,88,95,183,2
8896,88,96,184,2
8897,88,97,185,2
8898,88,98,186,2
8899,88,99,187,2
8900,89,0,89,0
8901,89,1,90,1
8902,89,2,91,1
8903,89,3,92,1
8904,89,4,93,1
8905,89,5,94,1
8906,89,6,95,1
8907,89,7,96,1
8908,89,8,97,1
8909,89,9,98,1
8910,89,10,99,0
8911,89,11,100,2
8912,89,12,101,2
8913,89,13,102,2
8914,89,14,103,2
8915,89,15,104,2
8916,89,16,105,2
8917,89,17,106,2
8918,89,18,107,2
8919,89,19,108,2
8920,89,20,109,1
8921,89,21,110,2
8922,89,22,111,2
8923,89,23,112,2
8924,89,24,113,2
8925,89,25,114,2
8926,89,26,115,2
8927,89,27,116,2
8928,89,28,117,2
8929,89,29,118,2
8930,89,30,119,1
8931,89,31,120,2
8932,89,32,121,2
8933,89,33,122,2
8934,89,34,123,2
8935,89,35,124,2
8936,89,36,125,2
8937,89,37,126,2
8938,89,38,127,2
8939,89,39,128,2
8940,89,40,129,1
8941,89,41,130,2
8942,89,42,131,2
8943,89,43,132,2
8944,89,44,133,2
8945,89,45,134,2
8946,89,46,135,2
8947,89,47,136,2
8948,89,48,137,2
8949,89,49,138,2
8950,89,50,139,1
8951,89,51,140,2
8952,89,52,141,2
8953,89,53,142,2
8954,89,54,143,2
8955,89,55,144,2
8956,89,56,145,2
8957,89,57,146,2
8958,89,58,147,2
8959,89,59,148,2
8960,89,60,149,1
8961,89,61,150,2
8962,89,62,151,2
8963,89,63,152,2
8964,89,64,153,2
8965,89,65,154,2
8966,89,66,155,2
8967,89,67,156,2
8968,89,68,157,2
8969,89,69,158,2
8970,89,70,159,1
8971,89,71,160,2
8972,89,72,161,2
8973,89,73,162,2
8974,89,74,163,2
8975,89,75,164,2
8976,89,76,165,2
8977,89,77,166,2
8978,89,78,167,2
8979,89,79,168,2
8980,89,80,169,1
8981,89,81,170,2
8982,89,82,171,2
8983,89,83,172,2
8984,89,84,173,2
8985,89,85,174,2
8986,89,86,175,2
8987,89,87,176,2
8988,89,88,177,2
8989,89,89,178,2
8990,89,90,179,1
8991,89,91,180,2
8992,89,92,181,2
8993,89,93,182,2
8994,89,94,183,2
8995,89,95,184,2
8996,89,96,185,2
8997,89,97,186,2
8998,89,98,187,2
8999,89,99,188,2
9000,90,0,90,0
9001,90,1,91,0
9002,90,2,92,0
9003,90,3,93,0
9004,90,4,94,0
9005,90,5,95,0
9006,90,6,96,0
9007,90,7,97,0
9008,90,8,98,0
9009,90,9,99,0
9010,90,10,100,1
9011,90,11,101,1
9012,90,12,102,1
9013,90,13,103,1
9014,90,14,104,1
9015,90,15,105,1
9016,90,16,106,1
9017,90,17,107,1
9018,90,18,108,1
9019,90,19,109,1
9020,90,20,110,1
9021,90,21,111,1
9022,90,22,112,1
9023,90,23,113,1
9024,90,24,114,1
9025,90,25,115,1
9026,90,26,116,1
9027,90,27,117,1
9028,90,28,118,1
9029,90,29,119,1
9030,90,30,120,1
9031,90,31,121,1
9032,90,32,122,1
9033,90,33,123,1
9034,90,34,124,1
9035,90,35,125,1
9036,90,36,126,1
9037,90,37,127,1
9038,90,38,128,1
9039,90,39,129,1
9040,90,40,130,1
9041,90,41,131,1
9042,90,42,132,1
9043,90,43,133,1
9044,90,44,134,1
9045,90,45,135,1
9046,90,46,136,1
9047,90,47,137,1
9048,90,48,138,1
9049,90,49,139,1
9050,90,50,140,1
9051,90,51,141,1
9052,90,52,142,1
9053,90,53,143,1
9054,90,54,144,1
9055,90,55,145,1
9056,90,56,146,1
9057,90,57,147,1
9058,90,58,148,1
9059,90,59,149,1
9060,90,60,150,1
9061,90,61,151,1
9062,90,62,152,1
9063,90,63,153,1
9064,90,64,154,1
9065,90,65,155,1
9066,90,66,156,1
9067,90,67,157,1
9068,90,68,158,1
9069,90,69,159,1
9070,90,70,160,1
9071,90,71,161,1
9072,90,72,162,1
9073,90,73,163,1
9074,90,74,164,1
9075,90,75,165,1
9076,90,76,166,1
9077,90,77,167,1
9078,90,78,168,1
9079,90,79,169,1
9080,90,80,170,1
9081,90,81,171,1
9082,90,82,172,1
9083,90,83,173,1
9084,90,84,174,1
9085,90,85,175,1
9086,90,86,176,1
9087,90,87,177,1
9088,90,88,178,1
9089,90,89,179,1
9090,90,90,180,1
9091,90,91,181,1
9092,90,92,182,1
9093,90,93,183,1
9094,90,94,184,1
9095,90,95,185,1
9096,90,96,186,1
9097,90,97,187,1
9098,90,98,188,1
9099,90,99,189,1
9100,91,0,91,0
9101,91,1,92,0
9102,91,2,93,0
9103,91,3,94,0
9104,91,4,95,0
9105,91,5,96,0
9106,91,6,97,0
9107,91,7,98,0
9108,91,8,99,0
9109,91,9,100,2
9110,91,10,101,1
9111,91,11,102,1
9112,91,12,103,1
9113,91,13,104,1
9114,91,14,105,1
9115,91,15,106,1
9116,91,16,107,1
9117,91,17,108,1
9118,91,18,109,1
9119,91,19,110,2
9120,91,20,111,1
9121,91,21,112,1
9122,91,22,113,1
9123,91,23,114,1
9124,91,24,115,1
9125,91,25,116,1
9126,91,26,117,1
9127,91,27,118,1
9128,91,28,119,1
9129,91,29,120,2
9130,91,30,121,1
9131,91,31,122,1
9132,91,32,123,1
9133,91,33,124,1
9134,91,34,125,1
9135,91,35,126,1
9136,91,36,127,1
9137,91,37,128,1
9138,91,38,129,1
9139,91,39,130,2
9140,91,40,131,1
9141,91,41,132,1
9142,91,42,133,1
9143,91,43,134,1
9144,91,44,135,1
9145,91,45,136,1
9146,91,46,137,1
9147,91,47,138,1
9148,91,48,139,1
9149,91,49,140,2
9150,91,50,141,1
9151,91,51,142,1
9152,91,52,143,1
9153,91,53,144,1
9154,91,54,145,1
9155,91,55,146,1
9156,91,56,147,1
9157,91,57,148,1
9158,91,58,149,1
9159,91,59,150,2
9160,91,60,151,1
9161,91,61,152,1
9162,91,62,153,1
9163,91,63,154,1
9164,91,64,155,1
9165,91,65,156,1
9166,91,66,157,1
9167,91,67,158,1
9168,91,68,159,1
9169,91,69,160,2
9170,91,70,161,1
9171,91,71,162,1
9172,91,72,163,1
9173,91,73,164,1
9174,91,74,165,1
9175,91,75,166,1
9176,91,76,167,1
9177,91,77,168,1
9178,91,78,169,1
9179,91,79,170,2
9180,91,80,171,1
9181,91,81,172,1
9182,91,82,173,1
9183,91,83,174,1
9184,91,84,175,1
9185,91,85,176,1
9186,91,86,177,1
9187,91,87,178,1
9188,91,88,179,1
9189,91,89,180,2
9190,91,90,181,1
9191,91,91,182,1
9192,91,92,183,1
9193,91,93,184,1
9194,91,94,185,1
9195,91,95,186,1
9196,91,96,187,1
9197,91,97,188,1
9198,91,98,189,1
9199,91,99,190,2
9200,92,0,92,0
9201,92,1,93,0
9202,92,2,94,0
9203,92,3,95,0
9204,92,4,96,0
9205,92,5,97,0
9206,92,6,98,0
9207,92,7,99,0
9208,92,8,100,2
9209,92,9,101,2
9210,92,10,102,1
9211,92,11,103,1
9212,92,12,104,1
9213,92,13,105,1
9214,92,14,106,1
9215,92,15,107,1
9216,92,16,108,1
9217,92,17,109,1
9218,92,18,110,2
9219,92,19,111,2
9220,92,20,112,1
9221,92,21,113,1
9222,92,22,114,1
9223,92,23,115,1
9224,92,24,116,1
9225,92,25,117,1
9226,92,26,118,1
9227,92,27,119,1
9228,92,28,120,2
9229,92,29,121,2
9230,92,30,122,1
9231,92,31,123,1
9232,92,32,124,1
9233,92,33,125,1
9234,92,34,126,1
9235,92,35,127,1
9236,92,36,128,1
9237,92,37,129,1
9238,92,38,130,2
9239,92,39,131,2
9240,92,40,132,1
9241,92,41,133,1
9242,92,42,134,1
9243,92,43,135,1
9244,92,44,136,1
9245,92,45,137,1
9246,92,46,138,1
9247,92,47,139,1
9248,92,48,140,2
9249,92,49,141,2
9250,92,50,142,1
9251,92,51,143,1
9252,92,52,144,1
9253,92,53,145,1
9254,92,54,146,1
9255,92,55,147,1
9256,92,56,148,1
9257,92,57,149,1
9258,92,58,150,2
9259,92,59,151,2
9260,92,60,152,1
9261,92,61,153,1
9262,92,62,154,1
9263,92,63,155,1
9264,92,64,156,1
9265,92,65,157,1
9266,92,66,158,1
9267,92,67,159,1
9268,92,68,160,2
9269,92,69,161,2
9270,92,70,162,1
9271,92,71,163,1
9272,92,72,164,1
9273,92,73,165,1
9274,92,74,166,1
9275,92,75,167,1
9276,92,76,168,1
9277,92,77,169,1
9278,92,78,170,2
9279,92,79,171,2
9280,92,80,172,1
9281,92,81,173,1
9282,92,82,174,1
9283,92,83,175,1
9284,92,84,176,1
9285,92,85,177,1
9286,92,86,178,1
9287,92,87,179,1
9288,92,88,180,2
9289,92,89,181,2
9290,92,90,182,1
9291,92,91,183,1
9292,92,92,184,1
9293,92,93,185,1
9294,92,94,186,1
9295,92,95,187,1
9296,92,96,188,1
9297,92,97,189,1
9298,92,98,190,2
9299,92,99,191,2
9300,93,0,93,0
9301,93,1,94,0
9302,93,2,95,0
9303,93,3,96,0
9304,93,4,97,0
9305,93,5,98,0
9306,93,6,99,0
9307,93,7,100,2
9308,93,8,101,2
9309,93,9,102,2
9310,93,10,103,1
9311,93,11,104,1
9312,93,12,105,1
9313,93,13,106,1
9314,93,14,107,1
9315,93,15,108,1
9316,93,16,109,1
9317,93,17,110,2
9318,93,18,111,2
9319,93,19,112,2
9320,93,20,113,1
9321,93,21,114,1
9322,93,22,115,1
9323,93,23,116,1
9324,93,24,117,1
9325,93,25,118,1
9326,93,26,119,1
9327,93,27,120,2
9328,93,28,121,2
9329,93,29,122,2
9330,93,30,123,1
9331,93,31,124,1
9332,93,32,125,1
9333,93,33,126,1
9334,93,34,127,1
9335,93,35,128,1
9336,93,36,129,1
9337,93,37,130,2
9338,93,38,131,2
9339,93,39,132,2
9340,93,40,133,1
9341,93,41,134,1
9342,93,42,135,1
9343,93,43,136,1
9344,93,44,137,1
9345,93,45,138,1
9346,93,46,139,1
9347,93,47,140,2
9348,93,48,141,2
9349,93,49,142,2
9350,93,50,143,1
9351,93,51,144,1
9352,93,52,145,1
9353,93,53,146,1
9354,93,54,147,1
9355,93,55,148,1
9356,93,56,149,1
9357,93,57,150,2
9358,93,58,151,2
9359,93,59,152,2
9360,93,60,153,1
9361,93,61,154,1
9362,93,62,155,1
9363,93,63,156,1
9364,93,64,157,1
9365,93,65,158,1
9366,93,66,159,1
9367,93,67,160,2
9368,93,68,161,2
9369,93,69,162,2
9370,93,70,163,1
9371,93,71,164,1
9372,93,72,165,1
9373,93,73,166,1
9374,93,74,167,1
9375,93,75,168,1
9376,93,76,169,1
9377,93,77,170,2
9378,93,78,171,2
9379,93,79,172,2
9380,93,80,173,1
9381,93,81,174,1
9382,93,82,175,1
9383,93,83,176,1
9384,93,84,177,1
9385,93,85,178,1
9386,93,86,179,1
9387,93,87,180,2
9388,93,88,181,2
9389,93,89,182,2
9390,93,90,183,1
9391,93,91,184,1
9392,93,92,185,1
9393,93,93,186,1
9394,93,94,187,1
9395,93,95,188,1
9396,93,96,189,1
9397,93,97,190,2
9398,93,98,191,2
9399,93,99,192,2
9400,94,0,94,0
9401,94,1,95,0
9402,94,2,96,0
9403,94,3,97,0
9404,94,4,98,0
9405,94,5,99,0
9406,94,6,100,2
9407,94,7,101,2
9408,94,8,102,2
9409,94,9,103,2
9410,94,10,104,1
9411,94,11,105,1
9412,94,12,106,1
9413,94,13,107,1
9414,94,14,108,1
9415,94,15,109,1
9416,94,16,110,2
9417,94,17,111,2
9418,94,18,112,2
9419,94,19,113,2
9420,94,20,114,1
9421,94,21,115,1
9422,94,22,116,1
9423,94,23,117,1
9424,94,24,118,1
9425,94,25,119,1
9426,94,26,120,2
9427,94,27,121,2
9428,94,28,122,2
9429,94,29,123,2
9430,94,30,124,1
9431,94,31,125,1
9432,94,32,126,1
9433,94,33,127,1
9434,94,34,128,1
9435,94,35,129,1
9436,94,36,130,2
9437,94,37,131,2
9438,94,38,132,2
9439,94,39,133,2
9440,94,40,134,1
9441,94,41,135,1
9442,94,42,136,1
9443,94,43,137,1
9444,94,44,138,1
9445,94,45,139,1
9446,94,46,140,2
9447,94,47,141,2
9448,94,48,142,2
9449,94,49,143,2
9450,94,50,144,1
9451,94,51,145,1
9452,94,52,146,1
9453,94,53,147,1
9454,94,54,148,1
9455,94,55,149,1
9456,94,56,150,2
9457,94,57,151,2
9458,94,58,152,2
9459,94,59,153,2
9460,94,60,154,1
9461,94,61,155,1
9462,94,62,156,1
9463,94,63,157,1
9464,94,64,158,1
9465,94,65,159,1
9466,94,66,160,2
9467,94,67,161,2
9468,94,68,162,2
9469,94,69,163,2
9470,94,70,164,1
9471,94,71,165,1
9472,94,72,166,1
9473,94,73,167,1
9474,94,74,168,1
9475,94,75,169,1
9476,94,76,170,2
9477,94,77,171,2
9478,94,78,172,2
9479,94,79,173,2
9480,94,80,174,1
9481,94,81,175,1
9482,94,82,176,1
9483,94,83,177,1
9484,94,84,178,1
9485,94,85,179,1
9486,94,86,180,2
9487,94,87,181,2
9488,94,88,182,2
9489,94,89,183,2
9490,94,90,184,1
9491,94,91,185,1
9492,94,92,186,1
9493,94,93,187,1
9494,94,94,188,1
9495,94,95,189,1
9496,94,96,190,2
9497,94,97,191,2
9498,94,98,192,2
9499,94,99,193,2
9500,95,0,95,0
9501,95,1,96,0
9502,95,2,97,0
9503,95,3,98,0
9504,95,4,99,0
9505,95,5,100,2
9506,95,6,101,2
9507,95,7,102,2
9508,95,8,103,2
9509,95,9,104,2
9510,95,10,105,1
9511,95,11,106,1
9512,95,12,107,1
9513,95,13,108,1
9514,95,14,109,1
9515,95,15,110,2
9516,95,16,111,2
9517,95,17,112,2
9518,95,18,113,2
9519,95,19,114,2
9520,95,20,115,1
9521,95,21,116,1
9522,95,22,117,1
9523,95,23,118,1
9524,95,24,119,1
9525,95,25,120,2
9526,95,26,121,2
9527,95,27,122,2
9528,95,28,123,2
9529,95,29,124,2
9530,95,30,125,1
9531,95,31,126,1
9532,95,32,127,1
9533,95,33,128,1
9534,95,34,129,1
9535,95,35,130,2
9536,95,36,131,2
9537,95,37,132,2
9538,95,38,133,2
9539,95,39,134,2
9540,95,40,135,1
9541,95,41,136,1
9542,95,42,137,1
9543,95,43,138,1
9544,95,44,139,1
9545,95,45,140,2
9546,95,46,141,2
9547,95,47,142,2
9548,95,48,143,2
9549,95,49,144,2
9550,95,50,145,1
9551,95,51,146,1
9552,95,52,147,1
9553,95,53,148,1
9554,95,54,149,1
9555,95,55,150,2
9556,95,56,151,2
9557,95,57,152,2
9558,95,58,153,2
9559,95,59,154,2
9560,95,60,155,1
9561,95,61,156,1
9562,95,62,157,1
9563,95,63,158,1
9564,95,64,159,1
9565,95,65,160,2
9566,95,66,161,2
9567,95,67,162,2
9568,95,68,163,2
9569,95,69,164,2
9570,95,70,165,1
9571,95,71,166,1
9572,95,72,167,1
9573,95,73,168,1
9574,95,74,169,1
9575,95,75,170,2
9576,95,76,171,2
9577,95,77,172,2
9578,95,78,173,2
9579,95,79,174,2
9580,95,80,175,1
9581,95,81,176,1
9582,95,82,177,1
9583,95,83,178,1
9584,95,84,179,1
9585,95,85,180,2
9586,95,86,181,2
9587,95,87,182,2
9588,95,88,183,2
9589,95,89,184,2
9590,95,90,185,1
9591,95,91,186,1
9592,95,92,187,1
9593,95,93,188,1
9594,95,94,189,1
9595,95,95,190,2
9596,95,96,191,2
9597,95,97,192,2
9598,95,98,193,2
9599,95,99,194,2
9600,96,0,96,0
9601,96,1,97,0
9602,96,2,98,0
9603,96,3,99,0
9604,96,4,100,2
9605,96,5,101,2
9606,96,6,102,2
9607,96,7,103,2
9608,96,8,104,2
9609,96,9,105,2
9610,96,10,106,1
9611,96,11,107,1
9612,96,12,108,1
9613,96,13,109,1
9614,96,14,110,2
9615,96,15,111,2
9616,96,16,112,2
9617,96,17,113,2
9618,96,18,114,2
9619,96,19,115,2
9620,96,20,116,1
9621,96,21,117,1
9622,96,22,118,1
9623,96,23,119,1
9624,96,24,120,2
9625,96,25,121,2
9626,96,26,122,2
9627,96,27,123,2
9628,96,28,124,2
9629,96,29,125,2
9630,96,30,126,1
9631,96,31,127,1
9632,96,32,128,1
9633,96,33,129,1
9634,96,34,130,2
9635,96,35,131,2
9636,96,36,132,2
9637,96,37,133,2
9638,96,38,134,2
9639,96,39,135,2
9640,96,40,136,1
9641,96,41,137,1
9642,96,42,138,1
9643,96,43,139,1
9644,96,44,140,2
9645,96,45,141,2
9646,96,46,142,2
9647,96,47,143,2
9648,96,48,144,2
9649,96,49,145,2
9650,96,50,146,1
9651,96,51,147,1
9652,96,52,148,1
9653,96,53,149,1
9654,96,54,150,2
9655,96,55,151,2
9656,96,56,152,2
9657,96,57,153,2
9658,96,58,154,2
9659,96,59,155,2
9660,96,60,156,1
9661,96,61,157,1
9662,96,62,158,1
9663,96,63,159,1
9664,96,64,160,2
9665,96,65,161,2
9666,96,66,162,2
9667,96,67,163,2
9668,96,68,164,2
9669,96,69,165,2
9670,96,70,166,1
9671,96,71,167,1
9672,96,72,168,1
9673,96,73,169,1
9674,96,74,170,2
9675,96,75,171,2
9676,96,76,172,2
9677,96,77,173,2
9678,96,78,174,2
9679,96,79,175,2
9680,96,80,176,1
9681,96,81,177,1
9682,96,82,178,1
9683,96,83,179,1
9684,96,84,180,2
9685,96,85,181,2
9686,96,86,182,2
9687,96,87,183,2
9688,96,88,184,2
9689,96,89,185,2
9690,96,90,186,1
9691,96,91,187,1
9692,96,92,188,1
9693,96,93,189,1
9694,96,94,190,2
9695,96,95,191,2
9696,96,96,192,2
9697,96,97,193,2
9698,96,98,194,2
9699,96,99,195,2
9700,97,0,97,0
9701,97,1,98,0
9702,97,2,99,0
9703,97,3,100,2
9704,97,4,101,2
9705,97,5,102,2
9706,97,6,103,2
9707,97,7,104,2
9708,97,8,105,2
9709,97,9,106,2
9710,97,10,107,1
9711,97,11,108,1
9712,97,12,109,1
9713,97,13,110,2
9714,97,14,111,2
9715,97,15,112,2
9716,97,16,113,2
9717,97,17,114,2
9718,97,18,115,2
9719,97,19,116,2
9720,97,20,117,1
9721,97,21,118,1
9722,97,22,119,1
9723,97,23,120,2
9724,97,24,121,2
9725,97,25,122,2
9726,97,26,123,2
9727,97,27,124,2
9728,97,28,125,2
9729,97,29,126,2
9730,97,30,127,1
9731,97,31,128,1
9732,97,32,129,1
9733,97,33,130,2
9734,97,34,131,2
9735,97,35,132,2
9736,97,36,133,2
9737,97,37,134,2
9738,97,38,135,2
9739,97,39,136,2
9740,97,40,137,1
9741,97,41,138,1
9742,97,42,139,1
9743,97,43,140,2
9744,97,44,141,2
9745,97,45,142,2
9746,97,46,143,2
9747,97,47,144,2
9748,97,48,145,2
9749,97,49,146,2
9750,97,50,147,1
9751,97,51,148,1
9752,97,52,149,1
9753,97,53,150,2
9754,97,54,151,2
9755,97,55,152,2
9756,97,56,153,2
9757,97,57,154,2
9758,97,58,155,2
9759,97,59,156,2
9760,97,60,157,1
9761,97,61,158,1
9762,97,62,159,1
9763,97,63,160,2
9764,97,64,161,2
9765,97,65,162,2
9766,97,66,163,2
9767,97,67,164,2
9768,97,68,165,2
9769,97,69,166,2
9770,97,70,167,1
9771,97,71,168,1
9772,97,72,169,1
9773,97,73,170,2
9774,97,74,171,2
9775,97,75,172,2
9776,97,76,173,2
9777,97,77,174,2
9778,97,78,175,2
9779,97,79,176,2
9780,97,80,177,1
9781,97,81,178,1
9782,97,82,179,1
9783,97,83,180,2
9784,97,84,181,2
9785,97,85,182,2
9786,97,86,183,2
9787,97,87,184,2
9788,97,88,185,2
9789,97,89,186,2
9790,97,90,187,1
9791,97,91,188,1
9792,97,92,189,1
9793,97,93,190,2
9794,97,94,191,2
9795,97,95,192,2
9796,97,96,193,2
9797,97,97,194,2
9798,97,98,195,2
9799,97,99,196,2
9800,98,0,98,0
9801,98,1,99,0
9802,98,2,100,2
9803,98,3,101,2
9804,98,4,102,2
9805,98,5,103,2
9806,98,6,104,2
9807,98,7,105,2
9808,98,8,106,2
9809,98,9,107,2
9810,98,10,108,1
9811,98,11,109,1
9812,98,12,110,2
9813,98,13,111,2
9814,98,14,112,2
9815,98,15,113,2
9816,98,16,114,2
9817,98,17,115,2
9818,98,18,116,2
9819,98,19,117,2
9820,98,20,118,1
9821,98,21,119,1
9822,98,22,120,2
9823,98,23,121,2
9824,98,24,122,2
9825,98,25,123,2
9826,98,26,124,2
9827,98,27,125,2
9828,98,28,126,2
9829,98,29,127,2
9830,98,30,128,1
9831,98,31,129,1
9832,98,32,130,2
9833,98,33,131,2
9834,98,34,132,2
9835,98,35,133,2
9836,98,36,134,2
9837,98,37,135,2
9838,98,38,136,2
9839,98,39,137,2
9840,98,40,138,1
9841,98,41,139,1
9842,98,42,140,2
9843,98,43,141,2
9844,98,44,142,2
9845,98,45,143,2
9846,98,46,144,2
9847,98,47,145,2
9848,98,48,146,2
9849,98,49,147,2
9850,98,50,148,1
9851,98,51,149,1
9852,98,52,150,2
9853,98,53,151,2
9854,98,54,152,2
9855,98,55,153,2
9856,98,56,154,2
9857,98,57,155,2
9858,98,58,156,2
9859,98,59,157,2
9860,98,60,158,1
9861,98,61,159,1
9862,98,62,160,2
9863,98,63,161,2
9864,98,64,162,2
9865,98,65,163,2
9866,98,66,164,2
9867,98,67,165,2
9868,98,68,166,2
9869,98,69,167,2
9870,98,70,168,1
9871,98,71,169,1
9872,98,72,170,2
9873,98,73,171,2
9874,98,74,172,2
9875,98,75,173,2
9876,98,76,174,2
9877,98,77,175,2
9878,98,78,176,2
9879,98,79,177,2
9880,98,80,178,1
9881,98,81,179,1
9882,98,82,180,2
9883,98,83,181,2
9884,98,84,182,2
9885,98,85,183,2
9886,98,86,184,2
9887,98,87,185,2
9888,98,88,186,2
9889,98,89,187,2
9890,98,90,188,1
9891,98,91,189,1
9892,98,92,190,2
9893,98,93,191,2
9894,98,94,192,2
9895,98,95,193,2
9896,98,96,194,2
9897,98,97,195,2
9898,98,98,196,2
9899,98,99,197,2
9900,99,0,99,0
9901,99,1,100,2
9902,99,2,101,2
9903,99,3,102,2
9904,99,4,103,2
9905,99,5,104,2
9906,99,6,105,2
9907,99,7,106,2
9908,99,8,107,2
9909,99,9,108,2
9910,99,10,109,1
9911,99,11,110,2
9912,99,12,111,2
9913,99,13,112,2
9914,99,14,113,2
9915,99,15,114,2
9916,99,16,115,2
9917,99,17,116,2
9918,99,18,117,2
9919,99,19,118,2
9920,99,20,119,1
9921,99,21,120,2
9922,99,22,121,2
9923,99,23,122,2
9924,99,24,123,2
9925,99,25,124,2
9926,99,26,125,2
9927,99,27,126,2
9928,99,28,127,2
9929,99,29,128,2
9930,99,30,129,1
9931,99,31,130,2
9932,99,32,131,2
9933,99,33,132,2
9934,99,34,133,2
9935,99,35,134,2
9936,99,36,135,2
9937,99,37,136,2
9938,99,38,137,2
9939,99,39,138,2
9940,99,40,139,1
9941,99,41,140,2
9942,99,42,141,2
9943,99,43,142,2
9944,99,44,143,2
9945,99,45,144,2
9946,99,46,145,2
9947,99,47,146,2
9948,99,48,147,2
9949,99,49,148,2
9950,99,50,149,1
9951,99,51,150,2
9952,99,52,151,2
9953,99,53,152,2
9954,99,54,153,2
9955,99,55,154,2
9956,99,56,155,2
9957,99,57,156,2
9958,99,58,157,2
9959,99,59,158,2
9960,99,60,159,1
9961,99,61,160,2
9962,99,62,161,2
9963,99,63,162,2
9964,99,64,163,2
9965,99,65,164,2
9966,99,66,165,2
9967,99,67,166,2
9968,99,68,167,2
9969,99,69,168,2
9970,99,70,169,1
9971,99,71,170,2
9972,99,72,171,2
9973,99,73,172,2
9974,99,74,173,2
9975,99,75,174,2
9976,99,76,175,2
9977,99,77,176,2
9978,99,78,177,2
9979,99,79,178,2
9980,99,80,179,1
9981,99,81,180,2
9982,99,82,181,2
9983,99,83,182,2
9984,99,84,183,2
9985,99,85,184,2
9986,99,86,185,2
9987,99,87,186,2
9988,99,88,187,2
9989,99,89,188,2
9990,99,90,189,1
9991,99,91,190,2
9992,99,92,191,2
9993,99,93,192,2
9994,99,94,193,2
9995,99,95,194,2
9996,99,96,195,2
9997,99,97,196,2
9998,99,98,197,2
9999,99,99,198,2
